{
	"file_path": "C:\\Users\\User\\AppData\\Local\\Packages\\Microsoft.MinecraftUWP_8wekyb3d8bbwe\\LocalState\\games\\com.mojang\\development_resource_packs\\SecurityBE\\animations\\torreta.animation.json",
	"file_type": "rp_animation",
	"format_version": 1,
	"file_uuid": "43b20635_125d_4bbf_8e0b_5f153b00758c",
	"file_version": 5,
	"cache_content": {
		"open": true,
		"comment": "",
		"data": "",
		"key": "global",
		"type": "object",
		"meta": {},
		"children": [
			{
				"open": false,
				"comment": "",
				"data": "1.8.0",
				"key": "format_version",
				"type": "string",
				"meta": {},
				"children": []
			},
			{
				"open": true,
				"comment": "",
				"data": "",
				"key": "animations",
				"type": "object",
				"meta": {},
				"children": [
					{
						"open": false,
						"comment": "",
						"data": "",
						"key": "animation.torreta.geo.off",
						"type": "object",
						"meta": {},
						"children": [
							{
								"open": false,
								"comment": "",
								"data": "2",
								"key": "animation_length",
								"type": "number",
								"meta": {},
								"children": []
							},
							{
								"open": false,
								"comment": "",
								"data": "",
								"key": "bones",
								"type": "object",
								"meta": {},
								"children": [
									{
										"open": false,
										"comment": "",
										"data": "",
										"key": "head",
										"type": "object",
										"meta": {},
										"children": [
											{
												"open": false,
												"comment": "",
												"data": "",
												"key": "position",
												"type": "array",
												"meta": {},
												"children": [
													{
														"open": false,
														"comment": "",
														"data": "",
														"key": "0.0",
														"type": "array",
														"meta": {},
														"children": [
															{
																"open": false,
																"comment": "",
																"data": "0",
																"key": "0",
																"type": "number",
																"meta": {},
																"children": []
															},
															{
																"open": false,
																"comment": "",
																"data": "0",
																"key": "1",
																"type": "number",
																"meta": {},
																"children": []
															},
															{
																"open": false,
																"comment": "",
																"data": "0",
																"key": "2",
																"type": "number",
																"meta": {},
																"children": []
															}
														]
													},
													{
														"open": false,
														"comment": "",
														"data": "",
														"key": "2.0",
														"type": "array",
														"meta": {},
														"children": [
															{
																"open": false,
																"comment": "",
																"data": "0",
																"key": "0",
																"type": "number",
																"meta": {},
																"children": []
															},
															{
																"open": false,
																"comment": "",
																"data": "-14",
																"key": "1",
																"type": "number",
																"meta": {},
																"children": []
															},
															{
																"open": false,
																"comment": "",
																"data": "0",
																"key": "2",
																"type": "number",
																"meta": {},
																"children": []
															}
														]
													}
												]
											}
										]
									},
									{
										"open": false,
										"comment": "",
										"data": "",
										"key": "body",
										"type": "object",
										"meta": {},
										"children": [
											{
												"open": false,
												"comment": "",
												"data": "",
												"key": "position",
												"type": "array",
												"meta": {},
												"children": [
													{
														"open": false,
														"comment": "",
														"data": "",
														"key": "0.0",
														"type": "array",
														"meta": {},
														"children": [
															{
																"open": false,
																"comment": "",
																"data": "0",
																"key": "0",
																"type": "number",
																"meta": {},
																"children": []
															},
															{
																"open": false,
																"comment": "",
																"data": "0",
																"key": "1",
																"type": "number",
																"meta": {},
																"children": []
															},
															{
																"open": false,
																"comment": "",
																"data": "0",
																"key": "2",
																"type": "number",
																"meta": {},
																"children": []
															}
														]
													},
													{
														"open": false,
														"comment": "",
														"data": "",
														"key": "2.0",
														"type": "array",
														"meta": {},
														"children": [
															{
																"open": false,
																"comment": "",
																"data": "0",
																"key": "0",
																"type": "number",
																"meta": {},
																"children": []
															},
															{
																"open": false,
																"comment": "",
																"data": "-13",
																"key": "1",
																"type": "number",
																"meta": {},
																"children": []
															},
															{
																"open": false,
																"comment": "",
																"data": "0",
																"key": "2",
																"type": "number",
																"meta": {},
																"children": []
															}
														]
													}
												]
											}
										]
									}
								]
							}
						]
					},
					{
						"open": true,
						"comment": "",
						"data": "",
						"key": "animation.torreta.geo.on",
						"type": "object",
						"meta": {},
						"children": [
							{
								"open": false,
								"comment": "",
								"data": "2",
								"key": "animation_length",
								"type": "number",
								"meta": {},
								"children": []
							},
							{
								"open": true,
								"comment": "",
								"data": "",
								"key": "bones",
								"type": "object",
								"meta": {},
								"children": [
									{
										"open": true,
										"comment": "",
										"data": "",
										"key": "head",
										"type": "object",
										"meta": {},
										"children": [
											{
												"open": true,
												"comment": "",
												"data": "",
												"key": "position",
												"type": "array",
												"meta": {},
												"children": [
													{
														"open": false,
														"comment": "",
														"data": "",
														"key": "0.0",
														"type": "array",
														"meta": {},
														"children": [
															{
																"open": false,
																"comment": "",
																"data": "0",
																"key": "0",
																"type": "number",
																"meta": {},
																"children": []
															},
															{
																"open": true,
																"comment": "",
																"data": "0",
																"key": "1",
																"type": "number",
																"meta": {},
																"children": []
															},
															{
																"open": false,
																"comment": "",
																"data": "0",
																"key": "2",
																"type": "number",
																"meta": {},
																"children": []
															}
														]
													},
													{
														"open": false,
														"comment": "",
														"data": "",
														"key": "2.0",
														"type": "array",
														"meta": {},
														"children": [
															{
																"open": false,
																"comment": "",
																"data": "0",
																"key": "0",
																"type": "number",
																"meta": {},
																"children": []
															},
															{
																"open": true,
																"comment": "",
																"data": "14",
																"key": "1",
																"type": "number",
																"meta": {},
																"children": []
															},
															{
																"open": false,
																"comment": "",
																"data": "0",
																"key": "2",
																"type": "number",
																"meta": {},
																"children": []
															}
														]
													}
												]
											}
										]
									},
									{
										"open": true,
										"comment": "",
										"data": "",
										"key": "body",
										"type": "object",
										"meta": {},
										"children": [
											{
												"open": true,
												"comment": "",
												"data": "",
												"key": "position",
												"type": "array",
												"meta": {},
												"children": [
													{
														"open": false,
														"comment": "",
														"data": "",
														"key": "0.0",
														"type": "array",
														"meta": {},
														"children": [
															{
																"open": false,
																"comment": "",
																"data": "0",
																"key": "0",
																"type": "number",
																"meta": {},
																"children": []
															},
															{
																"open": false,
																"comment": "",
																"data": "-4",
																"key": "1",
																"type": "number",
																"meta": {},
																"children": []
															},
															{
																"open": false,
																"comment": "",
																"data": "0",
																"key": "2",
																"type": "number",
																"meta": {},
																"children": []
															}
														]
													},
													{
														"open": true,
														"comment": "",
														"data": "",
														"key": "2.0",
														"type": "array",
														"meta": {},
														"children": [
															{
																"open": false,
																"comment": "",
																"data": "0",
																"key": "0",
																"type": "number",
																"meta": {},
																"children": []
															},
															{
																"open": true,
																"comment": "",
																"data": "10",
																"key": "1",
																"type": "number",
																"meta": {},
																"children": []
															},
															{
																"open": false,
																"comment": "",
																"data": "0",
																"key": "2",
																"type": "number",
																"meta": {},
																"children": []
															}
														]
													}
												]
											}
										]
									}
								]
							}
						]
					}
				]
			}
		]
	}
}