{
  "format_version": "1.10.0",
  "animation_controllers": {
    "controller.animation.key_door.pose_0": {
      "states": {
        "default": {
          "animations": [ { "key_door_posing_0": "query.mark_variant == 0" } ]
        }
      }
    },
    "controller.animation.key_door.pose_1": {
      "states": {
        "default": {
          "animations": [ { "key_door_posing_1": "query.mark_variant == 1" } ]
        }
      }
    },
    "controller.animation.key_door.pose_2": {
      "states": {
        "default": {
          "animations": [ { "key_door_posing_2": "query.mark_variant == 2" } ]
        }
      }
    },
    "controller.animation.key_door.pose_3": {
      "states": {
        "default": {
          "animations": [ { "key_door_posing_3": "query.mark_variant == 3" } ]
        }
      }
    }
  }
}