{
	"file_path": "C:\\Users\\User\\AppData\\Local\\Packages\\Microsoft.MinecraftUWP_8wekyb3d8bbwe\\LocalState\\games\\com.mojang\\development_resource_packs\\SecurityBE\\entity\\fire_alarm.json",
	"file_type": "client_entity",
	"format_version": 1,
	"file_uuid": "a77a7fb4_5daa_48f9_9216_d97940bedfae",
	"file_version": 3,
	"cache_content": {
		"open": true,
		"comment": "",
		"data": "",
		"key": "global",
		"type": "object",
		"meta": {},
		"children": [
			{
				"open": false,
				"comment": "",
				"data": "1.10.0",
				"key": "format_version",
				"type": "string",
				"meta": {},
				"children": []
			},
			{
				"open": true,
				"comment": "",
				"data": "",
				"key": "minecraft:client_entity",
				"type": "object",
				"meta": {},
				"children": [
					{
						"open": true,
						"comment": "",
						"data": "",
						"key": "description",
						"type": "object",
						"meta": {},
						"children": [
							{
								"open": true,
								"comment": "",
								"data": "scb:fire_alarm",
								"key": "identifier",
								"type": "string",
								"meta": {
									"definitions": [
										"entity"
									]
								},
								"children": []
							},
							{
								"open": false,
								"comment": "",
								"data": "1.12.0",
								"key": "min_engine_version",
								"type": "string",
								"meta": {},
								"children": []
							},
							{
								"open": true,
								"comment": "",
								"data": "",
								"key": "materials",
								"type": "object",
								"meta": {},
								"children": [
									{
										"open": false,
										"comment": "",
										"data": "chicken",
										"key": "default",
										"type": "string",
										"meta": {
											"is_value": true
										},
										"children": []
									},
									{
										"open": false,
										"comment": "",
										"data": "chicken_legs",
										"key": "legs",
										"type": "string",
										"meta": {
											"is_value": true
										},
										"children": []
									}
								]
							},
							{
								"open": true,
								"comment": "",
								"data": "",
								"key": "textures",
								"type": "object",
								"meta": {},
								"children": [
									{
										"open": true,
										"comment": "",
										"data": "textures/entity/fire_alarm",
										"key": "default",
										"type": "string",
										"meta": {
											"is_value": true
										},
										"children": []
									}
								]
							},
							{
								"open": true,
								"comment": "",
								"data": "",
								"key": "geometry",
								"type": "object",
								"meta": {},
								"children": [
									{
										"open": true,
										"comment": "",
										"data": "geometry.fire_alarm",
										"key": "default",
										"type": "string",
										"meta": {
											"is_value": true
										},
										"children": []
									}
								]
							},
							{
								"open": false,
								"comment": "",
								"data": "",
								"key": "animations",
								"type": "object",
								"meta": {},
								"children": [
									{
										"open": false,
										"comment": "",
										"data": "animation.chicken.move",
										"key": "move",
										"type": "string",
										"meta": {
											"is_value": true,
											"definitions": [
												"rp_animation",
												"rp_animation_controller"
											]
										},
										"children": []
									},
									{
										"open": false,
										"comment": "",
										"data": "animation.chicken.general",
										"key": "general",
										"type": "string",
										"meta": {
											"is_value": true,
											"definitions": [
												"rp_animation",
												"rp_animation_controller"
											]
										},
										"children": []
									},
									{
										"open": false,
										"comment": "",
										"data": "animation.common.look_at_target",
										"key": "look_at_target",
										"type": "string",
										"meta": {
											"is_value": true,
											"definitions": [
												"rp_animation",
												"rp_animation_controller"
											]
										},
										"children": []
									},
									{
										"open": false,
										"comment": "",
										"data": "animation.chicken.baby_transform",
										"key": "baby_transform",
										"type": "string",
										"meta": {
											"is_value": true,
											"definitions": [
												"rp_animation",
												"rp_animation_controller"
											]
										},
										"children": []
									}
								]
							},
							{
								"open": false,
								"comment": "",
								"data": "",
								"key": "scripts",
								"type": "object",
								"meta": {},
								"children": [
									{
										"open": false,
										"comment": "",
										"data": "",
										"key": "animate",
										"type": "array",
										"meta": {},
										"children": [
											{
												"open": false,
												"comment": "",
												"data": "general",
												"key": "0",
												"type": "string",
												"meta": {},
												"children": []
											},
											{
												"open": false,
												"comment": "",
												"data": "",
												"key": "1",
												"type": "object",
												"meta": {},
												"children": [
													{
														"open": false,
														"comment": "",
														"data": "query.modified_move_speed",
														"key": "move",
														"type": "string",
														"meta": {},
														"children": []
													}
												]
											},
											{
												"open": false,
												"comment": "",
												"data": "look_at_target",
												"key": "2",
												"type": "string",
												"meta": {},
												"children": []
											},
											{
												"open": false,
												"comment": "",
												"data": "",
												"key": "3",
												"type": "object",
												"meta": {},
												"children": [
													{
														"open": false,
														"comment": "",
														"data": "query.is_baby",
														"key": "baby_transform",
														"type": "string",
														"meta": {},
														"children": []
													}
												]
											}
										]
									}
								]
							},
							{
								"open": false,
								"comment": "",
								"data": "",
								"key": "render_controllers",
								"type": "array",
								"meta": {},
								"children": [
									{
										"open": false,
										"comment": "",
										"data": "controller.render.chicken",
										"key": "0",
										"type": "string",
										"meta": {
											"is_value": true,
											"definitions": [
												"render_controller"
											]
										},
										"children": []
									}
								]
							},
							{
								"open": true,
								"comment": "",
								"data": "",
								"key": "spawn_egg",
								"type": "object",
								"meta": {},
								"children": [
									{
										"open": true,
										"comment": "",
										"data": "fire_alarm",
										"key": "texture",
										"type": "string",
										"meta": {
											"is_value": true
										},
										"children": []
									},
									{
										"open": false,
										"comment": "",
										"data": "0",
										"key": "texture_index",
										"type": "number",
										"meta": {},
										"children": []
									}
								]
							}
						]
					}
				]
			}
		]
	}
}