{
	"file_path": "C:\\Users\\User\\AppData\\Local\\Packages\\Microsoft.MinecraftUWP_8wekyb3d8bbwe\\LocalState\\games\\com.mojang\\development_resource_packs\\SecurityBE\\entity\\security_table.json",
	"file_type": "client_entity",
	"format_version": 1,
	"file_uuid": "2773acc8_fe90_46ae_bb36_472640baa3a0",
	"file_version": 5,
	"cache_content": {
		"open": true,
		"comment": "",
		"data": "",
		"key": "global",
		"type": "object",
		"meta": {},
		"children": [
			{
				"open": false,
				"comment": "",
				"data": "1.10.0",
				"key": "format_version",
				"type": "string",
				"meta": {},
				"children": []
			},
			{
				"open": true,
				"comment": "",
				"data": "",
				"key": "minecraft:client_entity",
				"type": "object",
				"meta": {},
				"children": [
					{
						"open": true,
						"comment": "",
						"data": "",
						"key": "description",
						"type": "object",
						"meta": {},
						"children": [
							{
								"open": true,
								"comment": "",
								"data": "scb:security_table",
								"key": "identifier",
								"type": "string",
								"meta": {},
								"children": []
							},
							{
								"open": false,
								"comment": "",
								"data": "1.8.0",
								"key": "min_engine_version",
								"type": "string",
								"meta": {},
								"children": []
							},
							{
								"open": false,
								"comment": "",
								"data": "",
								"key": "materials",
								"type": "object",
								"meta": {},
								"children": [
									{
										"open": false,
										"comment": "",
										"data": "armor_stand",
										"key": "default",
										"type": "string",
										"meta": {},
										"children": []
									}
								]
							},
							{
								"open": true,
								"comment": "",
								"data": "",
								"key": "textures",
								"type": "object",
								"meta": {},
								"children": [
									{
										"open": false,
										"comment": "",
										"data": "textures/entity/texture_scb_table",
										"key": "default",
										"type": "string",
										"meta": {
											"is_value": true
										},
										"children": []
									}
								]
							},
							{
								"open": false,
								"comment": "",
								"data": "",
								"key": "animations",
								"type": "object",
								"meta": {},
								"children": [
									{
										"open": false,
										"comment": "",
										"data": "animation.armor_stand.default_pose",
										"key": "default_pose",
										"type": "string",
										"meta": {},
										"children": []
									},
									{
										"open": false,
										"comment": "",
										"data": "animation.armor_stand.no_pose",
										"key": "no_pose",
										"type": "string",
										"meta": {},
										"children": []
									},
									{
										"open": false,
										"comment": "",
										"data": "animation.armor_stand.solemn_pose",
										"key": "solemn_pose",
										"type": "string",
										"meta": {},
										"children": []
									},
									{
										"open": false,
										"comment": "",
										"data": "animation.armor_stand.athena_pose",
										"key": "athena_pose",
										"type": "string",
										"meta": {},
										"children": []
									},
									{
										"open": false,
										"comment": "",
										"data": "animation.armor_stand.brandish_pose",
										"key": "brandish_pose",
										"type": "string",
										"meta": {},
										"children": []
									},
									{
										"open": false,
										"comment": "",
										"data": "animation.armor_stand.honor_pose",
										"key": "honor_pose",
										"type": "string",
										"meta": {},
										"children": []
									},
									{
										"open": false,
										"comment": "",
										"data": "animation.armor_stand.entertain_pose",
										"key": "entertain_pose",
										"type": "string",
										"meta": {},
										"children": []
									},
									{
										"open": false,
										"comment": "",
										"data": "animation.armor_stand.salute_pose",
										"key": "salute_pose",
										"type": "string",
										"meta": {},
										"children": []
									},
									{
										"open": false,
										"comment": "",
										"data": "animation.armor_stand.riposte_pose",
										"key": "riposte_pose",
										"type": "string",
										"meta": {},
										"children": []
									},
									{
										"open": false,
										"comment": "",
										"data": "animation.armor_stand.zombie_pose",
										"key": "zombie_pose",
										"type": "string",
										"meta": {},
										"children": []
									},
									{
										"open": false,
										"comment": "",
										"data": "animation.armor_stand.cancan_a_pose",
										"key": "cancan_a_pose",
										"type": "string",
										"meta": {},
										"children": []
									},
									{
										"open": false,
										"comment": "",
										"data": "animation.armor_stand.cancan_b_pose",
										"key": "cancan_b_pose",
										"type": "string",
										"meta": {},
										"children": []
									},
									{
										"open": false,
										"comment": "",
										"data": "animation.armor_stand.hero_pose",
										"key": "hero_pose",
										"type": "string",
										"meta": {},
										"children": []
									},
									{
										"open": false,
										"comment": "",
										"data": "animation.armor_stand.wiggle",
										"key": "wiggle",
										"type": "string",
										"meta": {},
										"children": []
									},
									{
										"open": false,
										"comment": "",
										"data": "controller.animation.armor_stand.pose",
										"key": "controller.pose",
										"type": "string",
										"meta": {},
										"children": []
									},
									{
										"open": false,
										"comment": "",
										"data": "controller.animation.armor_stand.wiggle",
										"key": "controller.wiggling",
										"type": "string",
										"meta": {},
										"children": []
									}
								]
							},
							{
								"open": false,
								"comment": "",
								"data": "",
								"key": "scripts",
								"type": "object",
								"meta": {},
								"children": [
									{
										"open": false,
										"comment": "",
										"data": "",
										"key": "initialize",
										"type": "array",
										"meta": {},
										"children": [
											{
												"open": false,
												"comment": "",
												"data": "variable.armor_stand.pose_index = 0;",
												"key": "0",
												"type": "string",
												"meta": {},
												"children": []
											},
											{
												"open": false,
												"comment": "",
												"data": "variable.armor_stand.hurt_time = 0;",
												"key": "1",
												"type": "string",
												"meta": {},
												"children": []
											}
										]
									},
									{
										"open": false,
										"comment": "",
										"data": "",
										"key": "animate",
										"type": "array",
										"meta": {},
										"children": [
											{
												"open": false,
												"comment": "",
												"data": "controller.pose",
												"key": "0",
												"type": "string",
												"meta": {},
												"children": []
											},
											{
												"open": false,
												"comment": "",
												"data": "controller.wiggling",
												"key": "1",
												"type": "string",
												"meta": {},
												"children": []
											}
										]
									}
								]
							},
							{
								"open": true,
								"comment": "",
								"data": "",
								"key": "geometry",
								"type": "object",
								"meta": {},
								"children": [
									{
										"open": false,
										"comment": "",
										"data": "geometry.table",
										"key": "default",
										"type": "string",
										"meta": {
											"is_value": true
										},
										"children": []
									}
								]
							},
							{
								"open": true,
								"comment": "",
								"data": "",
								"key": "render_controllers",
								"type": "array",
								"meta": {},
								"children": [
									{
										"open": true,
										"comment": "",
										"data": "controller.render.turret",
										"key": "0",
										"type": "string",
										"meta": {},
										"children": []
									}
								]
							},
							{
								"open": true,
								"comment": "",
								"data": "",
								"key": "spawn_egg",
								"type": "object",
								"meta": {},
								"children": [
									{
										"open": false,
										"comment": "",
										"data": "security_table",
										"key": "texture",
										"type": "string",
										"meta": {
											"is_value": true
										},
										"children": []
									},
									{
										"open": false,
										"comment": "",
										"data": "0",
										"key": "texture_index",
										"type": "string",
										"meta": {},
										"children": []
									}
								]
							}
						]
					}
				]
			}
		]
	}
}