{
	"file_path": "C:\\Users\\User\\AppData\\Local\\Packages\\Microsoft.MinecraftUWP_8wekyb3d8bbwe\\LocalState\\games\\com.mojang\\development_behavior_packs\\SecurityBE/recipes/block_reinforcer.json",
	"file_type": "recipe",
	"format_version": 1,
	"file_uuid": "d4f04845_218b_4211_ae96_96ad680d3972",
	"file_version": 9,
	"cache_content": {
		"open": true,
		"comment": "",
		"data": "",
		"key": "global",
		"type": "object",
		"meta": {},
		"children": [
			{
				"open": false,
				"comment": "",
				"data": "1.12",
				"key": "format_version",
				"type": "string",
				"meta": {},
				"children": []
			},
			{
				"open": true,
				"comment": "",
				"data": "",
				"key": "minecraft:recipe_shaped",
				"type": "object",
				"meta": {},
				"children": [
					{
						"open": true,
						"comment": "",
						"data": "",
						"key": "description",
						"type": "object",
						"meta": {},
						"children": [
							{
								"open": true,
								"comment": "",
								"data": "scb:block_reinforcer",
								"key": "identifier",
								"type": "string",
								"meta": {},
								"children": []
							}
						]
					},
					{
						"open": false,
						"comment": "",
						"data": "",
						"key": "tags",
						"type": "array",
						"meta": {},
						"children": [
							{
								"open": false,
								"comment": "",
								"data": "crafting_table",
								"key": "0",
								"type": "string",
								"meta": {},
								"children": []
							}
						]
					},
					{
						"open": false,
						"comment": "",
						"data": "wooden_door",
						"key": "group",
						"type": "string",
						"meta": {},
						"children": []
					},
					{
						"open": true,
						"comment": "",
						"data": "",
						"key": "pattern",
						"type": "array",
						"meta": {},
						"children": [
							{
								"open": false,
								"comment": "",
								"data": " DV",
								"key": "0",
								"type": "string",
								"meta": {},
								"children": []
							},
							{
								"open": false,
								"comment": "",
								"data": "ROD",
								"key": "1",
								"type": "string",
								"meta": {},
								"children": []
							},
							{
								"open": false,
								"comment": "",
								"data": "#R ",
								"key": "2",
								"type": "string",
								"meta": {},
								"children": []
							}
						]
					},
					{
						"open": true,
						"comment": "",
						"data": "",
						"key": "key",
						"type": "object",
						"meta": {},
						"children": [
							{
								"open": false,
								"comment": "",
								"data": "",
								"key": "#",
								"type": "object",
								"meta": {},
								"children": [
									{
										"open": true,
										"comment": "",
										"data": "minecraft:stick",
										"key": "item",
										"type": "string",
										"meta": {},
										"children": []
									},
									{
										"open": true,
										"comment": "",
										"data": "0",
										"key": "data",
										"type": "number",
										"meta": {},
										"children": []
									}
								]
							},
							{
								"open": false,
								"comment": "",
								"data": "",
								"key": "D",
								"type": "object",
								"meta": {},
								"children": [
									{
										"open": false,
										"comment": "",
										"data": "minecraft:diamond",
										"key": "item",
										"type": "string",
										"meta": {
											"definitions": [
												"block",
												"item"
											]
										},
										"children": []
									}
								]
							},
							{
								"open": false,
								"comment": "",
								"data": "",
								"key": "V",
								"type": "object",
								"meta": {},
								"children": [
									{
										"open": false,
										"comment": "",
										"data": "minecraft:glass",
										"key": "item",
										"type": "string",
										"meta": {
											"definitions": [
												"block",
												"item"
											]
										},
										"children": []
									}
								]
							},
							{
								"open": false,
								"comment": "",
								"data": "",
								"key": "O",
								"type": "object",
								"meta": {},
								"children": [
									{
										"open": false,
										"comment": "",
										"data": "minecraft:observer",
										"key": "item",
										"type": "string",
										"meta": {
											"definitions": [
												"block",
												"item"
											]
										},
										"children": []
									}
								]
							},
							{
								"open": false,
								"comment": "",
								"data": "",
								"key": "R",
								"type": "object",
								"meta": {},
								"children": [
									{
										"open": false,
										"comment": "",
										"data": "minecraft:redstone",
										"key": "item",
										"type": "string",
										"meta": {
											"definitions": [
												"block",
												"item"
											]
										},
										"children": []
									}
								]
							}
						]
					},
					{
						"open": true,
						"comment": "",
						"data": "",
						"key": "result",
						"type": "object",
						"meta": {},
						"children": [
							{
								"open": true,
								"comment": "",
								"data": "scb:block_reinforcer",
								"key": "item",
								"type": "string",
								"meta": {},
								"children": []
							},
							{
								"open": true,
								"comment": "",
								"data": "1",
								"key": "count",
								"type": "number",
								"meta": {},
								"children": []
							}
						]
					}
				]
			}
		]
	}
}