{
	"file_path": "C:\\Users\\User\\AppData\\Local\\Packages\\Microsoft.MinecraftUWP_8wekyb3d8bbwe\\LocalState\\games\\com.mojang\\development_behavior_packs\\SecurityBE\\recipes\\rocket_bullet.json",
	"file_type": "recipe",
	"format_version": 1,
	"file_uuid": "3980351e_bf68_4e31_8e5d_ee3bac371578",
	"file_version": 36,
	"cache_content": {
		"children": [
			{
				"data": "1.12",
				"key": "format_version"
			},
			{
				"open": {
					"format_version": 1.12,
					"minecraft:recipe_shaped": {
						"description": {
							"identifier": "scb:rocket"
						},
						"tags": [
							"crafting_table"
						],
						"pattern": [
							"#R#",
							"#E#",
							"#P#"
						],
						"key": {
							"#": {
								"item": "minecraft:iron_ingot"
							},
							"R": {
								"item": "minecraft:redstone"
							},
							"E": {
								"item": "minecraft:emerald"
							},
							"P": {
								"item": "minecraft:gunpowder"
							}
						},
						"result": [
							{
								"item": "scb:rocket",
								"count": 1
							}
						]
					}
				},
				"key": "minecraft:recipe_shaped",
				"children": [
					{
						"open": {
							"description": {
								"identifier": "scb:rocket"
							},
							"tags": [
								"crafting_table"
							],
							"pattern": [
								"#R#",
								"#E#",
								"#P#"
							],
							"key": {
								"#": {
									"item": "minecraft:iron_ingot"
								},
								"R": {
									"item": "minecraft:redstone"
								},
								"E": {
									"item": "minecraft:emerald"
								},
								"P": {
									"item": "minecraft:gunpowder"
								}
							},
							"result": [
								{
									"item": "scb:rocket",
									"count": 1
								}
							]
						},
						"key": "description",
						"is_minified": true,
						"children": {
							"identifier": "scb:rocket"
						}
					},
					{
						"open": {
							"description": {
								"identifier": "scb:rocket"
							},
							"tags": [
								"crafting_table"
							],
							"pattern": [
								"#R#",
								"#E#",
								"#P#"
							],
							"key": {
								"#": {
									"item": "minecraft:iron_ingot"
								},
								"R": {
									"item": "minecraft:redstone"
								},
								"E": {
									"item": "minecraft:emerald"
								},
								"P": {
									"item": "minecraft:gunpowder"
								}
							},
							"result": [
								{
									"item": "scb:rocket",
									"count": 1
								}
							]
						},
						"key": "tags",
						"is_minified": true,
						"array": [
							"crafting_table"
						]
					},
					{
						"open": {
							"description": {
								"identifier": "scb:rocket"
							},
							"tags": [
								"crafting_table"
							],
							"pattern": [
								"#R#",
								"#E#",
								"#P#"
							],
							"key": {
								"#": {
									"item": "minecraft:iron_ingot"
								},
								"R": {
									"item": "minecraft:redstone"
								},
								"E": {
									"item": "minecraft:emerald"
								},
								"P": {
									"item": "minecraft:gunpowder"
								}
							},
							"result": [
								{
									"item": "scb:rocket",
									"count": 1
								}
							]
						},
						"key": "pattern",
						"is_minified": true,
						"array": [
							"#R#",
							"#E#",
							"#P#"
						]
					},
					{
						"open": {
							"description": {
								"identifier": "scb:rocket"
							},
							"tags": [
								"crafting_table"
							],
							"pattern": [
								"#R#",
								"#E#",
								"#P#"
							],
							"key": {
								"#": {
									"item": "minecraft:iron_ingot"
								},
								"R": {
									"item": "minecraft:redstone"
								},
								"E": {
									"item": "minecraft:emerald"
								},
								"P": {
									"item": "minecraft:gunpowder"
								}
							},
							"result": [
								{
									"item": "scb:rocket",
									"count": 1
								}
							]
						},
						"key": "key",
						"is_minified": true,
						"children": {
							"#": {
								"item": "minecraft:iron_ingot"
							},
							"R": {
								"item": "minecraft:redstone"
							},
							"E": {
								"item": "minecraft:emerald"
							},
							"P": {
								"item": "minecraft:gunpowder"
							}
						}
					},
					{
						"open": {
							"description": {
								"identifier": "scb:rocket"
							},
							"tags": [
								"crafting_table"
							],
							"pattern": [
								"#R#",
								"#E#",
								"#P#"
							],
							"key": {
								"#": {
									"item": "minecraft:iron_ingot"
								},
								"R": {
									"item": "minecraft:redstone"
								},
								"E": {
									"item": "minecraft:emerald"
								},
								"P": {
									"item": "minecraft:gunpowder"
								}
							},
							"result": [
								{
									"item": "scb:rocket",
									"count": 1
								}
							]
						},
						"key": "result",
						"array": [
							{
								"open": [
									{
										"item": "scb:rocket",
										"count": 1
									}
								],
								"is_minified": true,
								"children": {
									"item": "scb:rocket",
									"count": 1
								}
							}
						]
					}
				]
			}
		]
	}
}