{
	"file_path": "C:\\Users\\User\\AppData\\Local\\Packages\\Microsoft.MinecraftUWP_8wekyb3d8bbwe\\LocalState\\games\\com.mojang\\development_behavior_packs\\SecurityBE\\recipes\\rocket_launcher.json",
	"file_type": "recipe",
	"format_version": 1,
	"file_uuid": "c9450c70_51a7_4ada_a7d8_3efb235dcaf9",
	"file_version": 33,
	"cache_content": {
		"children": [
			{
				"data": "1.12",
				"key": "format_version"
			},
			{
				"open": {
					"format_version": 1.12,
					"minecraft:recipe_shaped": {
						"description": {
							"identifier": "scb:rocket_launcher_parts"
						},
						"tags": [
							"crafting_table"
						],
						"pattern": [
							"###",
							"#R#",
							"#T#"
						],
						"key": {
							"#": {
								"item": "minecraft:iron_ingot"
							},
							"R": {
								"item": "scb:rocket"
							},
							"T": {
								"item": "scb:turret_pieces"
							}
						},
						"result": [
							{
								"item": "scb:rocket_launcher_parts",
								"count": 1
							}
						]
					}
				},
				"key": "minecraft:recipe_shaped",
				"children": [
					{
						"open": {
							"description": {
								"identifier": "scb:rocket_launcher_parts"
							},
							"tags": [
								"crafting_table"
							],
							"pattern": [
								"###",
								"#R#",
								"#T#"
							],
							"key": {
								"#": {
									"item": "minecraft:iron_ingot"
								},
								"R": {
									"item": "scb:rocket"
								},
								"T": {
									"item": "scb:turret_pieces"
								}
							},
							"result": [
								{
									"item": "scb:rocket_launcher_parts",
									"count": 1
								}
							]
						},
						"key": "description",
						"is_minified": true,
						"children": {
							"identifier": "scb:rocket_launcher_parts"
						}
					},
					{
						"open": {
							"description": {
								"identifier": "scb:rocket_launcher_parts"
							},
							"tags": [
								"crafting_table"
							],
							"pattern": [
								"###",
								"#R#",
								"#T#"
							],
							"key": {
								"#": {
									"item": "minecraft:iron_ingot"
								},
								"R": {
									"item": "scb:rocket"
								},
								"T": {
									"item": "scb:turret_pieces"
								}
							},
							"result": [
								{
									"item": "scb:rocket_launcher_parts",
									"count": 1
								}
							]
						},
						"key": "tags",
						"is_minified": true,
						"array": [
							"crafting_table"
						]
					},
					{
						"open": {
							"description": {
								"identifier": "scb:rocket_launcher_parts"
							},
							"tags": [
								"crafting_table"
							],
							"pattern": [
								"###",
								"#R#",
								"#T#"
							],
							"key": {
								"#": {
									"item": "minecraft:iron_ingot"
								},
								"R": {
									"item": "scb:rocket"
								},
								"T": {
									"item": "scb:turret_pieces"
								}
							},
							"result": [
								{
									"item": "scb:rocket_launcher_parts",
									"count": 1
								}
							]
						},
						"key": "pattern",
						"is_minified": true,
						"array": [
							"###",
							"#R#",
							"#T#"
						]
					},
					{
						"open": {
							"description": {
								"identifier": "scb:rocket_launcher_parts"
							},
							"tags": [
								"crafting_table"
							],
							"pattern": [
								"###",
								"#R#",
								"#T#"
							],
							"key": {
								"#": {
									"item": "minecraft:iron_ingot"
								},
								"R": {
									"item": "scb:rocket"
								},
								"T": {
									"item": "scb:turret_pieces"
								}
							},
							"result": [
								{
									"item": "scb:rocket_launcher_parts",
									"count": 1
								}
							]
						},
						"key": "key",
						"children": [
							{
								"open": {
									"#": {
										"item": "minecraft:iron_ingot"
									},
									"R": {
										"item": "scb:rocket"
									},
									"T": {
										"item": "scb:turret_pieces"
									}
								},
								"key": "#",
								"is_minified": true,
								"children": {
									"item": "minecraft:iron_ingot"
								}
							},
							{
								"open": {
									"#": {
										"item": "minecraft:iron_ingot"
									},
									"R": {
										"item": "scb:rocket"
									},
									"T": {
										"item": "scb:turret_pieces"
									}
								},
								"key": "R",
								"is_minified": true,
								"children": {
									"item": "scb:rocket"
								}
							},
							{
								"open": {
									"#": {
										"item": "minecraft:iron_ingot"
									},
									"R": {
										"item": "scb:rocket"
									},
									"T": {
										"item": "scb:turret_pieces"
									}
								},
								"key": "T",
								"is_minified": true,
								"children": {
									"item": "scb:turret_pieces"
								}
							}
						]
					},
					{
						"open": {
							"description": {
								"identifier": "scb:rocket_launcher_parts"
							},
							"tags": [
								"crafting_table"
							],
							"pattern": [
								"###",
								"#R#",
								"#T#"
							],
							"key": {
								"#": {
									"item": "minecraft:iron_ingot"
								},
								"R": {
									"item": "scb:rocket"
								},
								"T": {
									"item": "scb:turret_pieces"
								}
							},
							"result": [
								{
									"item": "scb:rocket_launcher_parts",
									"count": 1
								}
							]
						},
						"key": "result",
						"array": [
							{
								"open": [
									{
										"item": "scb:rocket_launcher_parts",
										"count": 1
									}
								],
								"is_minified": true,
								"children": {
									"item": "scb:rocket_launcher_parts",
									"count": 1
								}
							}
						]
					}
				]
			}
		]
	}
}