{
	"file_path": "C:\\Users\\User\\AppData\\Local\\Packages\\Microsoft.MinecraftUWP_8wekyb3d8bbwe\\LocalState\\games\\com.mojang\\development_behavior_packs\\SecurityBE\\entities\\closed_turret.json",
	"file_type": "entity",
	"format_version": 1,
	"file_uuid": "6ea435a4_16b4_449b_a3d1_007b6218773d",
	"file_version": 29,
	"cache_content": {
		"open": true,
		"comment": "",
		"data": "",
		"key": "global",
		"type": "object",
		"meta": {},
		"children": [
			{
				"open": true,
				"comment": "",
				"data": "1.13.0",
				"key": "format_version",
				"type": "string",
				"meta": {},
				"children": []
			},
			{
				"open": true,
				"comment": "",
				"data": "",
				"key": "minecraft:entity",
				"type": "object",
				"meta": {
					"expand_path_exceptions": [
						"do_not_upgrade"
					]
				},
				"children": [
					{
						"open": true,
						"comment": "",
						"data": "",
						"key": "description",
						"type": "object",
						"meta": {},
						"children": [
							{
								"open": true,
								"comment": "",
								"data": "scb:closed_turret",
								"key": "identifier",
								"type": "string",
								"meta": {
									"definitions": [
										"entity"
									]
								},
								"children": []
							},
							{
								"open": false,
								"comment": "",
								"data": "true",
								"key": "is_summonable",
								"type": "boolean",
								"meta": {},
								"children": []
							},
							{
								"open": false,
								"comment": "",
								"data": "false",
								"key": "is_spawnable",
								"type": "boolean",
								"meta": {},
								"children": []
							},
							{
								"open": false,
								"comment": "",
								"data": "minecraft:shulker",
								"key": "runtime_identifier",
								"type": "string",
								"meta": {},
								"children": []
							}
						]
					},
					{
						"open": true,
						"comment": "",
						"data": "",
						"key": "component_groups",
						"type": "object",
						"meta": {},
						"children": [
							{
								"open": true,
								"comment": "",
								"data": "",
								"key": "turr_activate",
								"type": "object",
								"meta": {
									"expand_path_exceptions": [
										"minecraft:burns_in_daylight",
										"minecraft:can_climb",
										"minecraft:can_power_jump",
										"minecraft:hide",
										"minecraft:home",
										"minecraft:is_baby",
										"minecraft:is_charged",
										"minecraft:is_chested",
										"minecraft:is_hidden_when_invisible",
										"minecraft:is_ignited",
										"minecraft:is_illager_captain",
										"minecraft:is_saddled",
										"minecraft:is_shaking",
										"minecraft:is_sheared",
										"minecraft:is_stackable",
										"minecraft:is_stunned",
										"minecraft:is_tamed",
										"minecraft:item_hopper",
										"minecraft:jump.dynamic",
										"minecraft:managed_wandering_trader",
										"minecraft:persistent",
										"minecraft:scaffolding_climber",
										"minecraft:trade_resupply",
										"minecraft:trust",
										"minecraft:wants_jockey",
										"minecraft:annotation.open_door"
									]
								},
								"children": [
									{
										"open": false,
										"comment": "",
										"data": "",
										"key": "minecraft:transformation",
										"type": "object",
										"meta": {},
										"children": [
											{
												"open": true,
												"comment": "",
												"data": "random.click",
												"key": "begin_transformation_sound",
												"type": "string",
												"meta": {},
												"children": []
											},
											{
												"open": true,
												"comment": "",
												"data": "scb:turret",
												"key": "into",
												"type": "string",
												"meta": {},
												"children": []
											},
											{
												"open": true,
												"comment": "",
												"data": "random.click",
												"key": "transformation_sound",
												"type": "string",
												"meta": {},
												"children": []
											},
											{
												"open": false,
												"comment": "",
												"data": "true",
												"key": "keep_owner",
												"type": "string",
												"meta": {},
												"children": []
											},
											{
												"open": true,
												"comment": "",
												"data": "",
												"key": "delay",
												"type": "object",
												"meta": {},
												"children": [
													{
														"open": false,
														"comment": "",
														"data": "2",
														"key": "value",
														"type": "string",
														"meta": {},
														"children": []
													}
												]
											}
										]
									},
									{
										"open": false,
										"comment": "",
										"data": "",
										"key": "minecraft:collision_box",
										"type": "object",
										"meta": {},
										"children": [
											{
												"open": false,
												"comment": "",
												"data": "1",
												"key": "width",
												"type": "number",
												"meta": {},
												"children": []
											},
											{
												"open": false,
												"comment": "",
												"data": "2",
												"key": "height",
												"type": "number",
												"meta": {},
												"children": []
											}
										]
									}
								]
							},
							{
								"open": false,
								"comment": "",
								"data": "",
								"key": "turr_owner",
								"type": "object",
								"meta": {},
								"children": [
									{
										"open": false,
										"comment": "",
										"data": "",
										"key": "minecraft:is_tamed",
										"type": "object",
										"meta": {},
										"children": []
									}
								]
							}
						]
					},
					{
						"open": true,
						"comment": "",
						"data": "",
						"key": "components",
						"type": "object",
						"meta": {
							"expand_path_exceptions": [
								"minecraft:burns_in_daylight",
								"minecraft:can_climb",
								"minecraft:can_power_jump",
								"minecraft:hide",
								"minecraft:home",
								"minecraft:is_baby",
								"minecraft:is_charged",
								"minecraft:is_chested",
								"minecraft:is_hidden_when_invisible",
								"minecraft:is_ignited",
								"minecraft:is_illager_captain",
								"minecraft:is_saddled",
								"minecraft:is_shaking",
								"minecraft:is_sheared",
								"minecraft:is_stackable",
								"minecraft:is_stunned",
								"minecraft:is_tamed",
								"minecraft:item_hopper",
								"minecraft:jump.dynamic",
								"minecraft:managed_wandering_trader",
								"minecraft:persistent",
								"minecraft:scaffolding_climber",
								"minecraft:trade_resupply",
								"minecraft:trust",
								"minecraft:wants_jockey",
								"minecraft:annotation.open_door"
							]
						},
						"children": [
							{
								"open": false,
								"comment": "",
								"data": "",
								"key": "minecraft:physics",
								"type": "object",
								"meta": {},
								"children": [
									{
										"open": false,
										"comment": "",
										"data": "true",
										"key": "has_collision",
										"type": "boolean",
										"meta": {},
										"children": []
									},
									{
										"open": false,
										"comment": "",
										"data": "false",
										"key": "has_gravity",
										"type": "boolean",
										"meta": {},
										"children": []
									}
								]
							},
							{
								"open": false,
								"comment": "",
								"data": "",
								"key": "minecraft:type_family",
								"type": "object",
								"meta": {},
								"children": [
									{
										"open": true,
										"comment": "",
										"data": "",
										"key": "family",
										"type": "object",
										"meta": {},
										"children": [
											{
												"open": false,
												"comment": "",
												"data": "shulker",
												"key": "0",
												"type": "string",
												"meta": {},
												"children": []
											},
											{
												"open": false,
												"comment": "",
												"data": "mob",
												"key": "1",
												"type": "string",
												"meta": {},
												"children": []
											},
											{
												"open": false,
												"comment": "",
												"data": "inanimate",
												"key": "2",
												"type": "string",
												"meta": {},
												"children": []
											},
											{
												"open": false,
												"comment": "",
												"data": "turret",
												"key": "3",
												"type": "string",
												"meta": {
													"is_value": true,
													"definitions": [
														"entity"
													]
												},
												"children": []
											}
										]
									}
								]
							},
							{
								"open": true,
								"comment": "",
								"data": "",
								"key": "minecraft:interact",
								"type": "object",
								"meta": {},
								"children": [
									{
										"open": true,
										"comment": "",
										"data": "",
										"key": "interactions",
										"type": "array",
										"meta": {},
										"children": [
											{
												"open": true,
												"comment": "",
												"data": "",
												"key": "0",
												"type": "object",
												"meta": {},
												"children": [
													{
														"open": false,
														"comment": "",
														"data": "",
														"key": "on_interact",
														"type": "object",
														"meta": {},
														"children": [
															{
																"open": false,
																"comment": "",
																"data": "",
																"key": "filters",
																"type": "object",
																"meta": {},
																"children": [
																	{
																		"open": false,
																		"comment": "",
																		"data": "other",
																		"key": "subject",
																		"type": "string",
																		"meta": {},
																		"children": []
																	},
																	{
																		"open": false,
																		"comment": "",
																		"data": "is_owner",
																		"key": "test",
																		"type": "string",
																		"meta": {},
																		"children": []
																	},
																	{
																		"open": false,
																		"comment": "",
																		"data": "true",
																		"key": "value",
																		"type": "string",
																		"meta": {},
																		"children": []
																	}
																]
															},
															{
																"open": false,
																"comment": "",
																"data": "sbc:turret_activate",
																"key": "event",
																"type": "string",
																"meta": {},
																"children": []
															}
														]
													},
													{
														"open": false,
														"comment": "",
														"data": "true",
														"key": "swing",
														"type": "string",
														"meta": {},
														"children": []
													}
												]
											}
										]
									}
								]
							},
							{
								"open": false,
								"comment": "",
								"data": "",
								"key": "minecraft:navigation.walk",
								"type": "object",
								"meta": {},
								"children": []
							},
							{
								"open": false,
								"comment": "",
								"data": "",
								"key": "minecraft:movement.basic",
								"type": "object",
								"meta": {},
								"children": []
							},
							{
								"open": false,
								"comment": "",
								"data": "",
								"key": "minecraft:movement",
								"type": "object",
								"meta": {},
								"children": [
									{
										"open": false,
										"comment": "",
										"data": "0",
										"key": "value",
										"type": "number",
										"meta": {},
										"children": []
									},
									{
										"open": false,
										"comment": "",
										"data": "0",
										"key": "max",
										"type": "number",
										"meta": {},
										"children": []
									}
								]
							},
							{
								"open": false,
								"comment": "",
								"data": "",
								"key": "minecraft:attack",
								"type": "object",
								"meta": {},
								"children": [
									{
										"open": false,
										"comment": "",
										"data": "20",
										"key": "damage",
										"type": "number",
										"meta": {},
										"children": []
									}
								]
							},
							{
								"open": false,
								"comment": "",
								"data": "",
								"key": "minecraft:behavior.melee_attack",
								"type": "object",
								"meta": {},
								"children": [
									{
										"open": false,
										"comment": "",
										"data": "1",
										"key": "priority",
										"type": "number",
										"meta": {},
										"children": []
									},
									{
										"open": false,
										"comment": "",
										"data": "10",
										"key": "max_dist",
										"type": "number",
										"meta": {},
										"children": []
									},
									{
										"open": false,
										"comment": "",
										"data": "0.9",
										"key": "speed_multiplier",
										"type": "number",
										"meta": {},
										"children": []
									}
								]
							},
							{
								"open": false,
								"comment": "",
								"data": "",
								"key": "minecraft:collision_box",
								"type": "object",
								"meta": {},
								"children": [
									{
										"open": false,
										"comment": "",
										"data": "1",
										"key": "width",
										"type": "number",
										"meta": {},
										"children": []
									},
									{
										"open": false,
										"comment": "",
										"data": "2",
										"key": "height",
										"type": "number",
										"meta": {},
										"children": []
									}
								]
							},
							{
								"open": false,
								"comment": "",
								"data": "",
								"key": "minecraft:tameable",
								"type": "object",
								"meta": {},
								"children": [
									{
										"open": false,
										"comment": "",
										"data": "1",
										"key": "probability",
										"type": "string",
										"meta": {},
										"children": []
									},
									{
										"open": false,
										"comment": "",
										"data": "",
										"key": "tame_items",
										"type": "object",
										"meta": {},
										"children": [
											{
												"open": true,
												"comment": "",
												"data": "scb:padlock",
												"key": "0",
												"type": "string",
												"meta": {
													"definitions": [
														"item"
													]
												},
												"children": []
											}
										]
									}
								]
							},
							{
								"open": false,
								"comment": "",
								"data": "",
								"key": "minecraft:health",
								"type": "object",
								"meta": {},
								"children": [
									{
										"open": false,
										"comment": "",
										"data": "500",
										"key": "value",
										"type": "number",
										"meta": {},
										"children": []
									},
									{
										"open": false,
										"comment": "",
										"data": "500",
										"key": "max",
										"type": "number",
										"meta": {},
										"children": []
									},
									{
										"open": false,
										"comment": "",
										"data": "500",
										"key": "min",
										"type": "number",
										"meta": {},
										"children": []
									}
								]
							},
							{
								"open": false,
								"comment": "",
								"data": "",
								"key": "minecraft:damage_sensor",
								"type": "object",
								"meta": {},
								"children": [
									{
										"open": false,
										"comment": "",
										"data": "",
										"key": "triggers",
										"type": "array",
										"meta": {},
										"children": [
											{
												"open": false,
												"comment": "",
												"data": "",
												"key": "0",
												"type": "object",
												"meta": {},
												"children": [
													{
														"open": false,
														"comment": "",
														"data": "all",
														"key": "cause",
														"type": "string",
														"meta": {},
														"children": []
													},
													{
														"open": false,
														"comment": "",
														"data": "false",
														"key": "deals_damage",
														"type": "boolean",
														"meta": {},
														"children": []
													}
												]
											}
										]
									}
								]
							}
						]
					},
					{
						"open": false,
						"comment": "",
						"data": "",
						"key": "events",
						"type": "object",
						"meta": {},
						"children": [
							{
								"open": false,
								"comment": "",
								"data": "",
								"key": "sbc:turret_activate",
								"type": "object",
								"meta": {},
								"children": [
									{
										"open": false,
										"comment": "",
										"data": "",
										"key": "remove",
										"type": "object",
										"meta": {},
										"children": []
									},
									{
										"open": true,
										"comment": "",
										"data": "",
										"key": "add",
										"type": "object",
										"meta": {},
										"children": [
											{
												"open": true,
												"comment": "",
												"data": "",
												"key": "component_groups",
												"type": "array",
												"meta": {},
												"children": [
													{
														"open": false,
														"comment": "",
														"data": "turr_activate",
														"key": "0",
														"type": "string",
														"meta": {},
														"children": []
													}
												]
											}
										]
									}
								]
							},
							{
								"open": true,
								"comment": "",
								"data": "",
								"key": "minecraft:entity_transformed",
								"type": "object",
								"meta": {},
								"children": [
									{
										"open": false,
										"comment": "",
										"data": "",
										"key": "execute",
										"type": "object",
										"meta": {},
										"children": [
											{
												"open": true,
												"comment": "",
												"data": "",
												"key": "commands",
												"type": "object",
												"meta": {},
												"children": [
													{
														"open": false,
														"comment": "",
														"data": "/title @p actionbar §cTurret OFF",
														"key": "0",
														"type": "string",
														"meta": {
															"is_value": true
														},
														"children": []
													},
													{
														"open": false,
														"comment": "",
														"data": "/playsound random.click @a ~ ~ ~",
														"key": "1",
														"type": "string",
														"meta": {
															"is_value": true
														},
														"children": []
													}
												]
											}
										]
									},
									{
										"open": true,
										"comment": "",
										"data": "",
										"key": "add",
										"type": "object",
										"meta": {},
										"children": [
											{
												"open": true,
												"comment": "",
												"data": "",
												"key": "component_groups",
												"type": "object",
												"meta": {},
												"children": [
													{
														"open": true,
														"comment": "",
														"data": "turr_owner",
														"key": "0",
														"type": "string",
														"meta": {},
														"children": []
													}
												]
											}
										]
									}
								]
							}
						]
					}
				]
			}
		]
	}
}