{
	"file_path": "C:\\Users\\User\\AppData\\Local\\Packages\\Microsoft.MinecraftUWP_8wekyb3d8bbwe\\LocalState\\games\\com.mojang\\development_behavior_packs\\SecurityBE\\entities\\Turret.json",
	"file_type": "entity",
	"format_version": 1,
	"file_uuid": "967d2120_ef04_4c6c_81b3_ce0f4467eb7d",
	"file_version": 147,
	"cache_content": {
		"open": true,
		"comment": "",
		"data": "",
		"key": "global",
		"type": "object",
		"meta": {},
		"children": [
			{
				"open": true,
				"comment": "",
				"data": "1.13.0",
				"key": "format_version",
				"type": "string",
				"meta": {},
				"children": []
			},
			{
				"open": true,
				"comment": "",
				"data": "",
				"key": "minecraft:entity",
				"type": "object",
				"meta": {
					"expand_path_exceptions": [
						"do_not_upgrade"
					]
				},
				"children": [
					{
						"open": true,
						"comment": "",
						"data": "",
						"key": "description",
						"type": "object",
						"meta": {},
						"children": [
							{
								"open": false,
								"comment": "",
								"data": "scb:turret",
								"key": "identifier",
								"type": "string",
								"meta": {
									"definitions": [
										"entity"
									]
								},
								"children": []
							},
							{
								"open": false,
								"comment": "",
								"data": "true",
								"key": "is_summonable",
								"type": "boolean",
								"meta": {},
								"children": []
							},
							{
								"open": false,
								"comment": "",
								"data": "true",
								"key": "is_spawnable",
								"type": "boolean",
								"meta": {},
								"children": []
							},
							{
								"open": true,
								"comment": "",
								"data": "scb:turret",
								"key": "runtime_identifier",
								"type": "string",
								"meta": {},
								"children": []
							}
						]
					},
					{
						"open": true,
						"comment": "",
						"data": "",
						"key": "component_groups",
						"type": "object",
						"meta": {},
						"children": [
							{
								"open": true,
								"comment": "",
								"data": "",
								"key": "turr_activate",
								"type": "object",
								"meta": {
									"expand_path_exceptions": [
										"minecraft:burns_in_daylight",
										"minecraft:can_climb",
										"minecraft:can_power_jump",
										"minecraft:hide",
										"minecraft:home",
										"minecraft:is_baby",
										"minecraft:is_charged",
										"minecraft:is_chested",
										"minecraft:is_hidden_when_invisible",
										"minecraft:is_ignited",
										"minecraft:is_illager_captain",
										"minecraft:is_saddled",
										"minecraft:is_shaking",
										"minecraft:is_sheared",
										"minecraft:is_stackable",
										"minecraft:is_stunned",
										"minecraft:is_tamed",
										"minecraft:item_hopper",
										"minecraft:jump.dynamic",
										"minecraft:managed_wandering_trader",
										"minecraft:persistent",
										"minecraft:scaffolding_climber",
										"minecraft:trade_resupply",
										"minecraft:trust",
										"minecraft:wants_jockey",
										"minecraft:annotation.open_door"
									]
								},
								"children": [
									{
										"open": true,
										"comment": "",
										"data": "",
										"key": "minecraft:transformation",
										"type": "object",
										"meta": {},
										"children": [
											{
												"open": false,
												"comment": "",
												"data": "random.orb",
												"key": "begin_transformation_sound",
												"type": "string",
												"meta": {
													"is_value": true
												},
												"children": []
											},
											{
												"open": false,
												"comment": "",
												"data": "scb:closed_turret",
												"key": "into",
												"type": "string",
												"meta": {
													"definitions": [
														"entity"
													]
												},
												"children": []
											},
											{
												"open": false,
												"comment": "",
												"data": "random.orb",
												"key": "transformation_sound",
												"type": "string",
												"meta": {
													"is_value": true
												},
												"children": []
											},
											{
												"open": false,
												"comment": "",
												"data": "true",
												"key": "keep_owner",
												"type": "string",
												"meta": {},
												"children": []
											},
											{
												"open": false,
												"comment": "",
												"data": "",
												"key": "delay",
												"type": "object",
												"meta": {},
												"children": [
													{
														"open": true,
														"comment": "",
														"data": "1.95",
														"key": "value",
														"type": "string",
														"meta": {},
														"children": []
													}
												]
											}
										]
									},
									{
										"open": false,
										"comment": "",
										"data": "",
										"key": "minecraft:collision_box",
										"type": "object",
										"meta": {},
										"children": [
											{
												"open": false,
												"comment": "",
												"data": "1",
												"key": "width",
												"type": "number",
												"meta": {},
												"children": []
											},
											{
												"open": false,
												"comment": "",
												"data": "2",
												"key": "height",
												"type": "number",
												"meta": {},
												"children": []
											}
										]
									}
								]
							},
							{
								"open": false,
								"comment": "",
								"data": "",
								"key": "turr_owner",
								"type": "object",
								"meta": {
									"expand_path_exceptions": [
										"minecraft:burns_in_daylight",
										"minecraft:can_climb",
										"minecraft:can_power_jump",
										"minecraft:hide",
										"minecraft:home",
										"minecraft:is_baby",
										"minecraft:is_charged",
										"minecraft:is_chested",
										"minecraft:is_hidden_when_invisible",
										"minecraft:is_ignited",
										"minecraft:is_illager_captain",
										"minecraft:is_saddled",
										"minecraft:is_shaking",
										"minecraft:is_sheared",
										"minecraft:is_stackable",
										"minecraft:is_stunned",
										"minecraft:is_tamed",
										"minecraft:item_hopper",
										"minecraft:jump.dynamic",
										"minecraft:managed_wandering_trader",
										"minecraft:persistent",
										"minecraft:scaffolding_climber",
										"minecraft:trade_resupply",
										"minecraft:trust",
										"minecraft:wants_jockey",
										"minecraft:annotation.open_door"
									]
								},
								"children": [
									{
										"open": true,
										"comment": "",
										"data": "",
										"key": "minecraft:is_tamed",
										"type": "object",
										"meta": {},
										"children": []
									},
									{
										"open": false,
										"comment": "",
										"data": "",
										"key": "minecraft:behavior.ranged_attack",
										"type": "object",
										"meta": {},
										"children": [
											{
												"open": false,
												"comment": "",
												"data": "15",
												"key": "attack_radius",
												"type": "number",
												"meta": {},
												"children": []
											},
											{
												"open": false,
												"comment": "",
												"data": "1",
												"key": "attack_interval_min",
												"type": "number",
												"meta": {},
												"children": []
											},
											{
												"open": false,
												"comment": "",
												"data": "1",
												"key": "attack_interval_max",
												"type": "number",
												"meta": {},
												"children": []
											}
										]
									}
								]
							},
							{
								"open": false,
								"comment": "",
								"data": "",
								"key": "remover",
								"type": "object",
								"meta": {
									"expand_path_exceptions": [
										"minecraft:burns_in_daylight",
										"minecraft:can_climb",
										"minecraft:can_power_jump",
										"minecraft:hide",
										"minecraft:home",
										"minecraft:is_baby",
										"minecraft:is_charged",
										"minecraft:is_chested",
										"minecraft:is_hidden_when_invisible",
										"minecraft:is_ignited",
										"minecraft:is_illager_captain",
										"minecraft:is_saddled",
										"minecraft:is_shaking",
										"minecraft:is_sheared",
										"minecraft:is_stackable",
										"minecraft:is_stunned",
										"minecraft:is_tamed",
										"minecraft:item_hopper",
										"minecraft:jump.dynamic",
										"minecraft:managed_wandering_trader",
										"minecraft:persistent",
										"minecraft:scaffolding_climber",
										"minecraft:trade_resupply",
										"minecraft:trust",
										"minecraft:wants_jockey",
										"minecraft:annotation.open_door"
									]
								},
								"children": [
									{
										"open": false,
										"comment": "",
										"data": "",
										"key": "minecraft:despawn",
										"type": "object",
										"meta": {},
										"children": []
									}
								]
							},
							{
								"open": false,
								"comment": "",
								"data": "",
								"key": "scb:despown",
								"type": "object",
								"meta": {
									"expand_path_exceptions": [
										"minecraft:burns_in_daylight",
										"minecraft:can_climb",
										"minecraft:can_power_jump",
										"minecraft:hide",
										"minecraft:home",
										"minecraft:is_baby",
										"minecraft:is_charged",
										"minecraft:is_chested",
										"minecraft:is_hidden_when_invisible",
										"minecraft:is_ignited",
										"minecraft:is_illager_captain",
										"minecraft:is_saddled",
										"minecraft:is_shaking",
										"minecraft:is_sheared",
										"minecraft:is_stackable",
										"minecraft:is_stunned",
										"minecraft:is_tamed",
										"minecraft:item_hopper",
										"minecraft:jump.dynamic",
										"minecraft:managed_wandering_trader",
										"minecraft:persistent",
										"minecraft:scaffolding_climber",
										"minecraft:trade_resupply",
										"minecraft:trust",
										"minecraft:wants_jockey",
										"minecraft:annotation.open_door"
									]
								},
								"children": [
									{
										"open": false,
										"comment": "",
										"data": "",
										"key": "minecraft:despawn",
										"type": "object",
										"meta": {},
										"children": []
									}
								]
							},
							{
								"open": true,
								"comment": "",
								"data": "",
								"key": "scb:camo",
								"type": "object",
								"meta": {
									"expand_path_exceptions": [
										"minecraft:burns_in_daylight",
										"minecraft:can_climb",
										"minecraft:can_power_jump",
										"minecraft:hide",
										"minecraft:home",
										"minecraft:is_baby",
										"minecraft:is_charged",
										"minecraft:is_chested",
										"minecraft:is_hidden_when_invisible",
										"minecraft:is_ignited",
										"minecraft:is_illager_captain",
										"minecraft:is_saddled",
										"minecraft:is_shaking",
										"minecraft:is_sheared",
										"minecraft:is_stackable",
										"minecraft:is_stunned",
										"minecraft:is_tamed",
										"minecraft:item_hopper",
										"minecraft:jump.dynamic",
										"minecraft:managed_wandering_trader",
										"minecraft:persistent",
										"minecraft:scaffolding_climber",
										"minecraft:trade_resupply",
										"minecraft:trust",
										"minecraft:wants_jockey",
										"minecraft:annotation.open_door"
									]
								},
								"children": [
									{
										"open": true,
										"comment": "",
										"data": "",
										"key": "minecraft:mark_variant",
										"type": "object",
										"meta": {},
										"children": [
											{
												"open": false,
												"comment": "",
												"data": "2",
												"key": "value",
												"type": "string",
												"meta": {},
												"children": []
											}
										]
									}
								]
							}
						]
					},
					{
						"open": true,
						"comment": "",
						"data": "",
						"key": "components",
						"type": "object",
						"meta": {
							"expand_path_exceptions": [
								"minecraft:burns_in_daylight",
								"minecraft:can_climb",
								"minecraft:can_power_jump",
								"minecraft:hide",
								"minecraft:home",
								"minecraft:is_baby",
								"minecraft:is_charged",
								"minecraft:is_chested",
								"minecraft:is_hidden_when_invisible",
								"minecraft:is_ignited",
								"minecraft:is_illager_captain",
								"minecraft:is_saddled",
								"minecraft:is_shaking",
								"minecraft:is_sheared",
								"minecraft:is_stackable",
								"minecraft:is_stunned",
								"minecraft:is_tamed",
								"minecraft:item_hopper",
								"minecraft:jump.dynamic",
								"minecraft:managed_wandering_trader",
								"minecraft:persistent",
								"minecraft:scaffolding_climber",
								"minecraft:trade_resupply",
								"minecraft:trust",
								"minecraft:wants_jockey",
								"minecraft:annotation.open_door"
							]
						},
						"children": [
							{
								"open": false,
								"comment": "",
								"data": "",
								"key": "minecraft:physics",
								"type": "object",
								"meta": {},
								"children": [
									{
										"open": false,
										"comment": "",
										"data": "true",
										"key": "has_collision",
										"type": "boolean",
										"meta": {},
										"children": []
									},
									{
										"open": false,
										"comment": "",
										"data": "true",
										"key": "has_gravity",
										"type": "boolean",
										"meta": {},
										"children": []
									}
								]
							},
							{
								"open": false,
								"comment": "",
								"data": "",
								"key": "minecraft:type_family",
								"type": "object",
								"meta": {},
								"children": [
									{
										"open": true,
										"comment": "",
										"data": "",
										"key": "family",
										"type": "object",
										"meta": {},
										"children": [
											{
												"open": false,
												"comment": "",
												"data": "shulker",
												"key": "0",
												"type": "string",
												"meta": {
													"is_value": true,
													"definitions": [
														"entity"
													]
												},
												"children": []
											},
											{
												"open": false,
												"comment": "",
												"data": "mob",
												"key": "1",
												"type": "string",
												"meta": {
													"is_value": true,
													"definitions": [
														"entity"
													]
												},
												"children": []
											},
											{
												"open": false,
												"comment": "",
												"data": "inanimate",
												"key": "2",
												"type": "string",
												"meta": {
													"is_value": true,
													"definitions": [
														"entity"
													]
												},
												"children": []
											},
											{
												"open": false,
												"comment": "",
												"data": "turret",
												"key": "3",
												"type": "string",
												"meta": {
													"is_value": true,
													"definitions": [
														"entity"
													]
												},
												"children": []
											}
										]
									}
								]
							},
							{
								"open": true,
								"comment": "",
								"data": "",
								"key": "minecraft:interact",
								"type": "object",
								"meta": {},
								"children": [
									{
										"open": true,
										"comment": "",
										"data": "",
										"key": "interactions",
										"type": "object",
										"meta": {},
										"children": [
											{
												"open": true,
												"comment": "",
												"data": "",
												"key": "0",
												"type": "object",
												"meta": {},
												"children": [
													{
														"open": true,
														"comment": "",
														"data": "",
														"key": "on_interact",
														"type": "object",
														"meta": {},
														"children": [
															{
																"open": true,
																"comment": "",
																"data": "",
																"key": "filters",
																"type": "object",
																"meta": {},
																"children": [
																	{
																		"open": false,
																		"comment": "",
																		"data": "has_equipment",
																		"key": "test",
																		"type": "string",
																		"meta": {},
																		"children": []
																	},
																	{
																		"open": false,
																		"comment": "",
																		"data": "other",
																		"key": "subject",
																		"type": "string",
																		"meta": {},
																		"children": []
																	},
																	{
																		"open": false,
																		"comment": "",
																		"data": "hand",
																		"key": "domain",
																		"type": "string",
																		"meta": {},
																		"children": []
																	},
																	{
																		"open": false,
																		"comment": "",
																		"data": "minecraft:cobblestone",
																		"key": "value",
																		"type": "string",
																		"meta": {
																			"definitions": [
																				"block",
																				"item"
																			]
																		},
																		"children": []
																	}
																]
															},
															{
																"open": false,
																"comment": "",
																"data": "scb:camuflaje",
																"key": "event",
																"type": "string",
																"meta": {},
																"children": []
															}
														]
													}
												]
											},
											{
												"open": true,
												"comment": "",
												"data": "",
												"key": "1",
												"type": "object",
												"meta": {},
												"children": [
													{
														"open": false,
														"comment": "",
														"data": "",
														"key": "on_interact",
														"type": "object",
														"meta": {},
														"children": [
															{
																"open": false,
																"comment": "",
																"data": "",
																"key": "filters",
																"type": "object",
																"meta": {},
																"children": [
																	{
																		"open": false,
																		"comment": "",
																		"data": "",
																		"key": "none_of",
																		"type": "object",
																		"meta": {},
																		"children": [
																			{
																				"open": true,
																				"comment": "",
																				"data": "",
																				"key": "0",
																				"type": "object",
																				"meta": {},
																				"children": [
																					{
																						"open": false,
																						"comment": "",
																						"data": "has_equipment",
																						"key": "test",
																						"type": "string",
																						"meta": {},
																						"children": []
																					},
																					{
																						"open": false,
																						"comment": "",
																						"data": "other",
																						"key": "subject",
																						"type": "string",
																						"meta": {},
																						"children": []
																					},
																					{
																						"open": false,
																						"comment": "",
																						"data": "hand",
																						"key": "domain",
																						"type": "string",
																						"meta": {},
																						"children": []
																					},
																					{
																						"open": false,
																						"comment": "",
																						"data": "scb:block_remover",
																						"key": "value",
																						"type": "string",
																						"meta": {
																							"definitions": [
																								"block",
																								"item"
																							]
																						},
																						"children": []
																					}
																				]
																			}
																		]
																	},
																	{
																		"open": false,
																		"comment": "",
																		"data": "",
																		"key": "all_of",
																		"type": "object",
																		"meta": {},
																		"children": [
																			{
																				"open": false,
																				"comment": "",
																				"data": "is_owner",
																				"key": "test",
																				"type": "string",
																				"meta": {},
																				"children": []
																			},
																			{
																				"open": false,
																				"comment": "",
																				"data": "other",
																				"key": "subject",
																				"type": "string",
																				"meta": {},
																				"children": []
																			},
																			{
																				"open": false,
																				"comment": "",
																				"data": "true",
																				"key": "value",
																				"type": "string",
																				"meta": {},
																				"children": []
																			}
																		]
																	}
																]
															},
															{
																"open": false,
																"comment": "",
																"data": "sbc:turret_activate",
																"key": "event",
																"type": "string",
																"meta": {},
																"children": []
															}
														]
													},
													{
														"open": false,
														"comment": "",
														"data": "true",
														"key": "swing",
														"type": "string",
														"meta": {},
														"children": []
													}
												]
											},
											{
												"open": false,
												"comment": "",
												"data": "",
												"key": "2",
												"type": "object",
												"meta": {},
												"children": [
													{
														"open": false,
														"comment": "",
														"data": "",
														"key": "on_interact",
														"type": "object",
														"meta": {},
														"children": [
															{
																"open": false,
																"comment": "",
																"data": "",
																"key": "filters",
																"type": "object",
																"meta": {},
																"children": [
																	{
																		"open": false,
																		"comment": "",
																		"data": "",
																		"key": "all_of",
																		"type": "array",
																		"meta": {},
																		"children": [
																			{
																				"open": false,
																				"comment": "",
																				"data": "",
																				"key": "0",
																				"type": "object",
																				"meta": {},
																				"children": [
																					{
																						"open": false,
																						"comment": "",
																						"data": "has_equipment",
																						"key": "test",
																						"type": "string",
																						"meta": {},
																						"children": []
																					},
																					{
																						"open": false,
																						"comment": "",
																						"data": "other",
																						"key": "subject",
																						"type": "string",
																						"meta": {},
																						"children": []
																					},
																					{
																						"open": false,
																						"comment": "",
																						"data": "hand",
																						"key": "domain",
																						"type": "string",
																						"meta": {},
																						"children": []
																					},
																					{
																						"open": false,
																						"comment": "",
																						"data": "scb:block_remover",
																						"key": "value",
																						"type": "string",
																						"meta": {
																							"definitions": [
																								"block",
																								"item"
																							]
																						},
																						"children": []
																					}
																				]
																			},
																			{
																				"open": false,
																				"comment": "",
																				"data": "",
																				"key": "1",
																				"type": "object",
																				"meta": {},
																				"children": [
																					{
																						"open": false,
																						"comment": "",
																						"data": "is_owner",
																						"key": "test",
																						"type": "string",
																						"meta": {},
																						"children": []
																					},
																					{
																						"open": false,
																						"comment": "",
																						"data": "other",
																						"key": "subject",
																						"type": "string",
																						"meta": {},
																						"children": []
																					},
																					{
																						"open": false,
																						"comment": "",
																						"data": "true",
																						"key": "value",
																						"type": "boolean",
																						"meta": {},
																						"children": []
																					}
																				]
																			}
																		]
																	}
																]
															},
															{
																"open": false,
																"comment": "",
																"data": "scb:despawn",
																"key": "event",
																"type": "string",
																"meta": {},
																"children": []
															}
														]
													},
													{
														"open": false,
														"comment": "",
														"data": "",
														"key": "spawn_items",
														"type": "object",
														"meta": {},
														"children": [
															{
																"open": false,
																"comment": "",
																"data": "loot_tables/turret.json",
																"key": "table",
																"type": "string",
																"meta": {},
																"children": []
															}
														]
													},
													{
														"open": false,
														"comment": "",
														"data": "1",
														"key": "hurt_item",
														"type": "number",
														"meta": {},
														"children": []
													}
												]
											}
										]
									}
								]
							},
							{
								"open": false,
								"comment": "",
								"data": "",
								"key": "minecraft:navigation.walk",
								"type": "object",
								"meta": {},
								"children": []
							},
							{
								"open": false,
								"comment": "",
								"data": "",
								"key": "minecraft:behavior.random_look_around",
								"type": "object",
								"meta": {},
								"children": [
									{
										"open": false,
										"comment": "",
										"data": "1",
										"key": "priority",
										"type": "number",
										"meta": {},
										"children": []
									},
									{
										"open": false,
										"comment": "",
										"data": "0.5",
										"key": "look_time",
										"type": "number",
										"meta": {},
										"children": []
									}
								]
							},
							{
								"open": false,
								"comment": "",
								"data": "",
								"key": "minecraft:movement.basic",
								"type": "object",
								"meta": {},
								"children": []
							},
							{
								"open": false,
								"comment": "",
								"data": "",
								"key": "minecraft:movement",
								"type": "object",
								"meta": {},
								"children": [
									{
										"open": false,
										"comment": "",
										"data": "0",
										"key": "value",
										"type": "number",
										"meta": {},
										"children": []
									},
									{
										"open": false,
										"comment": "",
										"data": "0",
										"key": "max",
										"type": "number",
										"meta": {},
										"children": []
									}
								]
							},
							{
								"open": false,
								"comment": "",
								"data": "",
								"key": "minecraft:shooter",
								"type": "object",
								"meta": {},
								"children": [
									{
										"open": false,
										"comment": "",
										"data": "Arrow",
										"key": "type",
										"type": "string",
										"meta": {},
										"children": []
									},
									{
										"open": false,
										"comment": "",
										"data": "scb:turret_bullet",
										"key": "def",
										"type": "string",
										"meta": {
											"definitions": [
												"entity"
											]
										},
										"children": []
									}
								]
							},
							{
								"open": false,
								"comment": "",
								"data": "",
								"key": "minecraft:behavior.nearest_attackable_target",
								"type": "object",
								"meta": {},
								"children": [
									{
										"open": false,
										"comment": "",
										"data": "2",
										"key": "priority",
										"type": "number",
										"meta": {},
										"children": []
									},
									{
										"open": true,
										"comment": "",
										"data": "true",
										"key": "must_see",
										"type": "boolean",
										"meta": {},
										"children": []
									},
									{
										"open": false,
										"comment": "",
										"data": "",
										"key": "entity_types",
										"type": "object",
										"meta": {},
										"children": [
											{
												"open": false,
												"comment": "",
												"data": "",
												"key": "0",
												"type": "object",
												"meta": {},
												"children": [
													{
														"open": true,
														"comment": "",
														"data": "",
														"key": "filters",
														"type": "object",
														"meta": {},
														"children": [
															{
																"open": false,
																"comment": "",
																"data": "other",
																"key": "subject",
																"type": "string",
																"meta": {},
																"children": []
															},
															{
																"open": false,
																"comment": "",
																"data": "is_family",
																"key": "test",
																"type": "string",
																"meta": {},
																"children": []
															},
															{
																"open": false,
																"comment": "",
																"data": "monster",
																"key": "value",
																"type": "string",
																"meta": {
																	"is_value": true,
																	"definitions": [
																		"entity"
																	]
																},
																"children": []
															}
														]
													},
													{
														"open": false,
														"comment": "",
														"data": "15",
														"key": "max_dist",
														"type": "number",
														"meta": {},
														"children": []
													}
												]
											},
											{
												"open": false,
												"comment": "",
												"data": "",
												"key": "1",
												"type": "object",
												"meta": {},
												"children": [
													{
														"open": false,
														"comment": "",
														"data": "",
														"key": "filters",
														"type": "object",
														"meta": {},
														"children": [
															{
																"open": true,
																"comment": "",
																"data": "",
																"key": "none_of",
																"type": "object",
																"meta": {},
																"children": [
																	{
																		"open": false,
																		"comment": "",
																		"data": "",
																		"key": "0",
																		"type": "object",
																		"meta": {},
																		"children": [
																			{
																				"open": false,
																				"comment": "",
																				"data": "other",
																				"key": "subject",
																				"type": "string",
																				"meta": {},
																				"children": []
																			},
																			{
																				"open": false,
																				"comment": "",
																				"data": "is_owner",
																				"key": "test",
																				"type": "string",
																				"meta": {},
																				"children": []
																			},
																			{
																				"open": false,
																				"comment": "",
																				"data": "true",
																				"key": "value",
																				"type": "string",
																				"meta": {},
																				"children": []
																			}
																		]
																	},
																	{
																		"open": false,
																		"comment": "",
																		"data": "",
																		"key": "1",
																		"type": "object",
																		"meta": {},
																		"children": [
																			{
																				"open": false,
																				"comment": "",
																				"data": "other",
																				"key": "subject",
																				"type": "string",
																				"meta": {},
																				"children": []
																			},
																			{
																				"open": false,
																				"comment": "",
																				"data": "is_family",
																				"key": "test",
																				"type": "string",
																				"meta": {},
																				"children": []
																			},
																			{
																				"open": false,
																				"comment": "",
																				"data": "turret",
																				"key": "value",
																				"type": "string",
																				"meta": {
																					"is_value": true,
																					"definitions": [
																						"entity"
																					]
																				},
																				"children": []
																			}
																		]
																	},
																	{
																		"open": false,
																		"comment": "",
																		"data": "",
																		"key": "2",
																		"type": "object",
																		"meta": {},
																		"children": [
																			{
																				"open": false,
																				"comment": "",
																				"data": "is_family",
																				"key": "test",
																				"type": "string",
																				"meta": {},
																				"children": []
																			},
																			{
																				"open": false,
																				"comment": "",
																				"data": "other",
																				"key": "subject",
																				"type": "string",
																				"meta": {},
																				"children": []
																			},
																			{
																				"open": false,
																				"comment": "",
																				"data": "mob",
																				"key": "value",
																				"type": "string",
																				"meta": {
																					"is_value": true,
																					"definitions": [
																						"entity"
																					]
																				},
																				"children": []
																			}
																		]
																	}
																]
															}
														]
													}
												]
											},
											{
												"open": false,
												"comment": "",
												"data": "",
												"key": "2",
												"type": "object",
												"meta": {},
												"children": [
													{
														"open": true,
														"comment": "",
														"data": "",
														"key": "filters",
														"type": "object",
														"meta": {},
														"children": [
															{
																"open": true,
																"comment": "",
																"data": "player",
																"key": "subject",
																"type": "string",
																"meta": {},
																"children": []
															},
															{
																"open": false,
																"comment": "",
																"data": "is_owner",
																"key": "test",
																"type": "string",
																"meta": {},
																"children": []
															},
															{
																"open": false,
																"comment": "",
																"data": "false",
																"key": "value",
																"type": "string",
																"meta": {},
																"children": []
															}
														]
													}
												]
											}
										]
									},
									{
										"open": false,
										"comment": "",
										"data": "true",
										"key": "reselect_targets",
										"type": "boolean",
										"meta": {},
										"children": []
									},
									{
										"open": false,
										"comment": "",
										"data": "0.1",
										"key": "attack_interval",
										"type": "number",
										"meta": {},
										"children": []
									},
									{
										"open": false,
										"comment": "",
										"data": "300",
										"key": "within_radius",
										"type": "number",
										"meta": {},
										"children": []
									},
									{
										"open": false,
										"comment": "",
										"data": "1",
										"key": "scan_interval",
										"type": "number",
										"meta": {},
										"children": []
									}
								]
							},
							{
								"open": false,
								"comment": "",
								"data": "",
								"key": "minecraft:attack",
								"type": "object",
								"meta": {},
								"children": [
									{
										"open": false,
										"comment": "",
										"data": "20",
										"key": "damage",
										"type": "number",
										"meta": {},
										"children": []
									}
								]
							},
							{
								"open": false,
								"comment": "",
								"data": "",
								"key": "minecraft:behavior.melee_attack",
								"type": "object",
								"meta": {},
								"children": [
									{
										"open": false,
										"comment": "",
										"data": "1",
										"key": "priority",
										"type": "number",
										"meta": {},
										"children": []
									},
									{
										"open": false,
										"comment": "",
										"data": "10",
										"key": "max_dist",
										"type": "number",
										"meta": {},
										"children": []
									},
									{
										"open": false,
										"comment": "",
										"data": "0.9",
										"key": "speed_multiplier",
										"type": "number",
										"meta": {},
										"children": []
									}
								]
							},
							{
								"open": false,
								"comment": "",
								"data": "",
								"key": "minecraft:collision_box",
								"type": "object",
								"meta": {},
								"children": [
									{
										"open": false,
										"comment": "",
										"data": "1",
										"key": "width",
										"type": "number",
										"meta": {},
										"children": []
									},
									{
										"open": false,
										"comment": "",
										"data": "2",
										"key": "height",
										"type": "number",
										"meta": {},
										"children": []
									}
								]
							},
							{
								"open": false,
								"comment": "",
								"data": "",
								"key": "minecraft:attack_damage",
								"type": "object",
								"meta": {},
								"children": [
									{
										"open": true,
										"comment": "",
										"data": "20",
										"key": "value",
										"type": "number",
										"meta": {},
										"children": []
									}
								]
							},
							{
								"open": false,
								"comment": "",
								"data": "",
								"key": "minecraft:tameable",
								"type": "object",
								"meta": {},
								"children": [
									{
										"open": false,
										"comment": "",
										"data": "1",
										"key": "probability",
										"type": "string",
										"meta": {},
										"children": []
									},
									{
										"open": false,
										"comment": "",
										"data": "",
										"key": "tame_items",
										"type": "object",
										"meta": {},
										"children": [
											{
												"open": true,
												"comment": "",
												"data": "scb:padlock",
												"key": "0",
												"type": "string",
												"meta": {
													"definitions": [
														"item"
													]
												},
												"children": []
											}
										]
									},
									{
										"open": false,
										"comment": "",
										"data": "",
										"key": "tame_event",
										"type": "object",
										"meta": {},
										"children": [
											{
												"open": false,
												"comment": "",
												"data": "scb:owner",
												"key": "event",
												"type": "string",
												"meta": {},
												"children": []
											}
										]
									}
								]
							},
							{
								"open": false,
								"comment": "",
								"data": "",
								"key": "minecraft:on_hurt",
								"type": "object",
								"meta": {},
								"children": [
									{
										"open": true,
										"comment": "",
										"data": "",
										"key": "filters",
										"type": "object",
										"meta": {},
										"children": [
											{
												"open": false,
												"comment": "",
												"data": "is_owner",
												"key": "test",
												"type": "string",
												"meta": {},
												"children": []
											},
											{
												"open": true,
												"comment": "",
												"data": "other",
												"key": "subject",
												"type": "string",
												"meta": {},
												"children": []
											},
											{
												"open": false,
												"comment": "",
												"data": "true",
												"key": "value",
												"type": "string",
												"meta": {},
												"children": []
											}
										]
									},
									{
										"open": false,
										"comment": "",
										"data": "scb:rem",
										"key": "event",
										"type": "string",
										"meta": {},
										"children": []
									}
								]
							},
							{
								"open": false,
								"comment": "",
								"data": "",
								"key": "minecraft:on_hurt_by_player",
								"type": "object",
								"meta": {},
								"children": [
									{
										"open": true,
										"comment": "",
										"data": "",
										"key": "filters",
										"type": "object",
										"meta": {},
										"children": [
											{
												"open": false,
												"comment": "",
												"data": "is_owner",
												"key": "test",
												"type": "string",
												"meta": {},
												"children": []
											},
											{
												"open": false,
												"comment": "",
												"data": "true",
												"key": "value",
												"type": "string",
												"meta": {},
												"children": []
											},
											{
												"open": true,
												"comment": "",
												"data": "other",
												"key": "subject",
												"type": "string",
												"meta": {},
												"children": []
											}
										]
									},
									{
										"open": false,
										"comment": "",
										"data": "sbc:turret_activate",
										"key": "event",
										"type": "string",
										"meta": {},
										"children": []
									}
								]
							},
							{
								"open": false,
								"comment": "",
								"data": "",
								"key": "minecraft:health",
								"type": "object",
								"meta": {},
								"children": [
									{
										"open": false,
										"comment": "",
										"data": "500",
										"key": "value",
										"type": "string",
										"meta": {},
										"children": []
									},
									{
										"open": true,
										"comment": "",
										"data": "500",
										"key": "max",
										"type": "string",
										"meta": {},
										"children": []
									},
									{
										"open": false,
										"comment": "",
										"data": "500",
										"key": "min",
										"type": "string",
										"meta": {},
										"children": []
									}
								]
							},
							{
								"open": false,
								"comment": "",
								"data": "",
								"key": "minecraft:pushable",
								"type": "object",
								"meta": {},
								"children": [
									{
										"open": false,
										"comment": "",
										"data": "false",
										"key": "is_pushable",
										"type": "string",
										"meta": {},
										"children": []
									},
									{
										"open": false,
										"comment": "",
										"data": "false",
										"key": "is_pushable_by_piston",
										"type": "string",
										"meta": {},
										"children": []
									}
								]
							},
							{
								"open": false,
								"comment": "",
								"data": "",
								"key": "minecraft:persistent",
								"type": "object",
								"meta": {},
								"children": []
							},
							{
								"open": false,
								"comment": "",
								"data": "",
								"key": "minecraft:knockback_resistance",
								"type": "object",
								"meta": {},
								"children": [
									{
										"open": false,
										"comment": "",
										"data": "10000",
										"key": "value",
										"type": "string",
										"meta": {},
										"children": []
									},
									{
										"open": false,
										"comment": "",
										"data": "10000",
										"key": "max",
										"type": "string",
										"meta": {},
										"children": []
									}
								]
							},
							{
								"open": false,
								"comment": "",
								"data": "",
								"key": "minecraft:damage_sensor",
								"type": "object",
								"meta": {},
								"children": [
									{
										"open": true,
										"comment": "",
										"data": "",
										"key": "triggers",
										"type": "object",
										"meta": {},
										"children": [
											{
												"open": true,
												"comment": "",
												"data": "",
												"key": "0",
												"type": "object",
												"meta": {},
												"children": [
													{
														"open": false,
														"comment": "",
														"data": "all",
														"key": "cause",
														"type": "string",
														"meta": {},
														"children": []
													},
													{
														"open": false,
														"comment": "",
														"data": "false",
														"key": "deals_damage",
														"type": "string",
														"meta": {},
														"children": []
													}
												]
											}
										]
									}
								]
							},
							{
								"open": true,
								"comment": "",
								"data": "",
								"key": "minecraft:default_look_angle",
								"type": "object",
								"meta": {},
								"children": [
									{
										"open": false,
										"comment": "",
										"data": "360",
										"key": "value",
										"type": "string",
										"meta": {},
										"children": []
									}
								]
							}
						]
					},
					{
						"open": true,
						"comment": "",
						"data": "",
						"key": "events",
						"type": "object",
						"meta": {},
						"children": [
							{
								"open": false,
								"comment": "",
								"data": "",
								"key": "sbc:turret_activate",
								"type": "object",
								"meta": {},
								"children": [
									{
										"open": false,
										"comment": "",
										"data": "",
										"key": "remove",
										"type": "object",
										"meta": {},
										"children": []
									},
									{
										"open": false,
										"comment": "",
										"data": "",
										"key": "add",
										"type": "object",
										"meta": {},
										"children": [
											{
												"open": true,
												"comment": "",
												"data": "",
												"key": "component_groups",
												"type": "array",
												"meta": {},
												"children": [
													{
														"open": false,
														"comment": "",
														"data": "turr_activate",
														"key": "0",
														"type": "string",
														"meta": {},
														"children": []
													}
												]
											}
										]
									}
								]
							},
							{
								"open": false,
								"comment": "",
								"data": "",
								"key": "minecraft:entity_transformed",
								"type": "object",
								"meta": {},
								"children": [
									{
										"open": false,
										"comment": "",
										"data": "",
										"key": "execute",
										"type": "object",
										"meta": {},
										"children": [
											{
												"open": true,
												"comment": "",
												"data": "",
												"key": "commands",
												"type": "object",
												"meta": {},
												"children": [
													{
														"open": false,
														"comment": "",
														"data": "/title @p actionbar §aTurret ON",
														"key": "0",
														"type": "string",
														"meta": {
															"is_value": true
														},
														"children": []
													},
													{
														"open": false,
														"comment": "",
														"data": "/playsound random.click @a ~ ~ ~",
														"key": "1",
														"type": "string",
														"meta": {
															"is_value": true
														},
														"children": []
													}
												]
											}
										]
									},
									{
										"open": false,
										"comment": "",
										"data": "",
										"key": "add",
										"type": "object",
										"meta": {},
										"children": [
											{
												"open": true,
												"comment": "",
												"data": "",
												"key": "component_groups",
												"type": "object",
												"meta": {},
												"children": [
													{
														"open": false,
														"comment": "",
														"data": "turr_owner",
														"key": "0",
														"type": "string",
														"meta": {},
														"children": []
													}
												]
											}
										]
									}
								]
							},
							{
								"open": false,
								"comment": "",
								"data": "",
								"key": "minecraft:entity_spawned",
								"type": "object",
								"meta": {},
								"children": [
									{
										"open": false,
										"comment": "",
										"data": "",
										"key": "execute",
										"type": "object",
										"meta": {},
										"children": [
											{
												"open": true,
												"comment": "",
												"data": "",
												"key": "commands",
												"type": "object",
												"meta": {},
												"children": [
													{
														"open": false,
														"comment": "",
														"data": "/playsound random.click @a ~ ~ ~",
														"key": "0",
														"type": "string",
														"meta": {
															"is_value": true
														},
														"children": []
													}
												]
											}
										]
									}
								]
							},
							{
								"open": false,
								"comment": "",
								"data": "",
								"key": "scb:owner",
								"type": "object",
								"meta": {},
								"children": [
									{
										"open": true,
										"comment": "",
										"data": "",
										"key": "execute",
										"type": "object",
										"meta": {},
										"children": [
											{
												"open": true,
												"comment": "",
												"data": "",
												"key": "commands",
												"type": "object",
												"meta": {},
												"children": [
													{
														"open": false,
														"comment": "",
														"data": "/playsound random.orb @a ~ ~ ~",
														"key": "0",
														"type": "string",
														"meta": {
															"is_value": true
														},
														"children": []
													}
												]
											}
										]
									}
								]
							},
							{
								"open": false,
								"comment": "",
								"data": "",
								"key": "scb:rem",
								"type": "object",
								"meta": {},
								"children": [
									{
										"open": true,
										"comment": "",
										"data": "",
										"key": "add",
										"type": "object",
										"meta": {},
										"children": [
											{
												"open": true,
												"comment": "",
												"data": "",
												"key": "component_groups",
												"type": "object",
												"meta": {},
												"children": [
													{
														"open": false,
														"comment": "",
														"data": "remover",
														"key": "0",
														"type": "string",
														"meta": {},
														"children": []
													}
												]
											}
										]
									}
								]
							},
							{
								"open": false,
								"comment": "",
								"data": "",
								"key": "scb:despawn",
								"type": "object",
								"meta": {},
								"children": [
									{
										"open": false,
										"comment": "",
										"data": "",
										"key": "add",
										"type": "object",
										"meta": {},
										"children": [
											{
												"open": false,
												"comment": "",
												"data": "",
												"key": "component_groups",
												"type": "array",
												"meta": {},
												"children": [
													{
														"open": false,
														"comment": "",
														"data": "scb:despown",
														"key": "0",
														"type": "string",
														"meta": {},
														"children": []
													}
												]
											}
										]
									},
									{
										"open": true,
										"comment": "",
										"data": "",
										"key": "execute",
										"type": "object",
										"meta": {},
										"children": [
											{
												"open": true,
												"comment": "",
												"data": "",
												"key": "commands",
												"type": "array",
												"meta": {},
												"children": [
													{
														"open": false,
														"comment": "",
														"data": "/playsound random.orb @a ~ ~ ~",
														"key": "0",
														"type": "string",
														"meta": {
															"is_value": true
														},
														"children": []
													},
													{
														"open": false,
														"comment": "",
														"data": "/setblock ~ ~ ~ iron_block",
														"key": "1",
														"type": "string",
														"meta": {
															"is_value": true
														},
														"children": []
													},
													{
														"open": false,
														"comment": "",
														"data": "/setblock ~ ~ ~ air 0 destroy",
														"key": "2",
														"type": "string",
														"meta": {
															"is_value": true
														},
														"children": []
													},
													{
														"open": true,
														"comment": "",
														"data": "/kill @e[type=item,r=1,name=!\"Turret\"]",
														"key": "3",
														"type": "string",
														"meta": {
															"is_value": true
														},
														"children": []
													}
												]
											}
										]
									}
								]
							},
							{
								"open": true,
								"comment": "",
								"data": "",
								"key": "scb:camuflaje",
								"type": "object",
								"meta": {},
								"children": [
									{
										"open": true,
										"comment": "",
										"data": "",
										"key": "add",
										"type": "object",
										"meta": {},
										"children": [
											{
												"open": true,
												"comment": "",
												"data": "",
												"key": "component_groups",
												"type": "object",
												"meta": {},
												"children": [
													{
														"open": false,
														"comment": "",
														"data": "scb:camo",
														"key": "0",
														"type": "string",
														"meta": {},
														"children": []
													}
												]
											}
										]
									}
								]
							}
						]
					}
				]
			}
		]
	}
}