{
	"file_path": "C:\\Users\\User\\AppData\\Local\\Packages\\Microsoft.MinecraftUWP_8wekyb3d8bbwe\\LocalState\\games\\com.mojang\\development_behavior_packs\\SecurityBE\\entities\\turret_bullet.json",
	"file_type": "entity",
	"format_version": 1,
	"file_uuid": "2dfe74f6_b3e8_401e_9594_7ee9d15b7d1e",
	"file_version": 58,
	"cache_content": {
		"open": true,
		"comment": "",
		"data": "",
		"key": "global",
		"type": "object",
		"meta": {},
		"children": [
			{
				"open": false,
				"comment": "",
				"data": "1.13.0",
				"key": "format_version",
				"type": "string",
				"meta": {},
				"children": []
			},
			{
				"open": true,
				"comment": "",
				"data": "",
				"key": "minecraft:entity",
				"type": "object",
				"meta": {},
				"children": [
					{
						"open": true,
						"comment": "",
						"data": "",
						"key": "description",
						"type": "object",
						"meta": {},
						"children": [
							{
								"open": false,
								"comment": "",
								"data": "scb:turret_bullet",
								"key": "identifier",
								"type": "string",
								"meta": {},
								"children": []
							},
							{
								"open": false,
								"comment": "",
								"data": "false",
								"key": "is_spawnable",
								"type": "boolean",
								"meta": {},
								"children": []
							},
							{
								"open": false,
								"comment": "",
								"data": "true",
								"key": "is_summonable",
								"type": "boolean",
								"meta": {},
								"children": []
							},
							{
								"open": false,
								"comment": "",
								"data": "false",
								"key": "is_experimental",
								"type": "boolean",
								"meta": {},
								"children": []
							},
							{
								"open": true,
								"comment": "",
								"data": "minecraft:arrow",
								"key": "runtime_identifier",
								"type": "string",
								"meta": {},
								"children": []
							}
						]
					},
					{
						"open": true,
						"comment": "",
						"data": "",
						"key": "component_groups",
						"type": "object",
						"meta": {},
						"children": []
					},
					{
						"open": true,
						"comment": "",
						"data": "",
						"key": "components",
						"type": "object",
						"meta": {
							"expand_path_exceptions": [
								"minecraft:burns_in_daylight",
								"minecraft:can_climb",
								"minecraft:can_power_jump",
								"minecraft:hide",
								"minecraft:home",
								"minecraft:is_baby",
								"minecraft:is_charged",
								"minecraft:is_chested",
								"minecraft:is_hidden_when_invisible",
								"minecraft:is_ignited",
								"minecraft:is_illager_captain",
								"minecraft:is_saddled",
								"minecraft:is_shaking",
								"minecraft:is_sheared",
								"minecraft:is_stackable",
								"minecraft:is_stunned",
								"minecraft:is_tamed",
								"minecraft:item_hopper",
								"minecraft:jump.dynamic",
								"minecraft:managed_wandering_trader",
								"minecraft:persistent",
								"minecraft:scaffolding_climber",
								"minecraft:trade_resupply",
								"minecraft:trust",
								"minecraft:wants_jockey",
								"minecraft:annotation.open_door"
							]
						},
						"children": [
							{
								"open": false,
								"comment": "",
								"data": "",
								"key": "minecraft:collision_box",
								"type": "object",
								"meta": {},
								"children": [
									{
										"open": false,
										"comment": "",
										"data": "0.25",
										"key": "width",
										"type": "number",
										"meta": {},
										"children": []
									},
									{
										"open": false,
										"comment": "",
										"data": "0.25",
										"key": "height",
										"type": "number",
										"meta": {},
										"children": []
									}
								]
							},
							{
								"open": false,
								"comment": "",
								"data": "",
								"key": "minecraft:hurt_on_condition",
								"type": "object",
								"meta": {},
								"children": [
									{
										"open": false,
										"comment": "",
										"data": "",
										"key": "damage_conditions",
										"type": "array",
										"meta": {},
										"children": [
											{
												"open": true,
												"comment": "",
												"data": "",
												"key": "0",
												"type": "object",
												"meta": {},
												"children": [
													{
														"open": false,
														"comment": "",
														"data": "",
														"key": "filters",
														"type": "object",
														"meta": {},
														"children": [
															{
																"open": false,
																"comment": "",
																"data": "in_lava",
																"key": "test",
																"type": "string",
																"meta": {},
																"children": []
															},
															{
																"open": false,
																"comment": "",
																"data": "self",
																"key": "subject",
																"type": "string",
																"meta": {},
																"children": []
															},
															{
																"open": false,
																"comment": "",
																"data": "==",
																"key": "operator",
																"type": "string",
																"meta": {},
																"children": []
															},
															{
																"open": false,
																"comment": "",
																"data": "true",
																"key": "value",
																"type": "boolean",
																"meta": {},
																"children": []
															}
														]
													},
													{
														"open": false,
														"comment": "",
														"data": "lava",
														"key": "cause",
														"type": "string",
														"meta": {},
														"children": []
													},
													{
														"open": false,
														"comment": "",
														"data": "4",
														"key": "damage_per_tick",
														"type": "number",
														"meta": {},
														"children": []
													}
												]
											}
										]
									}
								]
							},
							{
								"open": true,
								"comment": "",
								"data": "",
								"key": "minecraft:projectile",
								"type": "object",
								"meta": {},
								"children": [
									{
										"open": true,
										"comment": "",
										"data": "",
										"key": "on_hit",
										"type": "object",
										"meta": {
											"expand_path_exceptions": [
												"thrown_potion_effect",
												"douse_fire",
												"arrow_effect",
												"remove_on_hit",
												"teleport_owner"
											]
										},
										"children": [
											{
												"open": true,
												"comment": "",
												"data": "",
												"key": "impact_damage",
												"type": "object",
												"meta": {},
												"children": [
													{
														"open": true,
														"comment": "",
														"data": "",
														"key": "damage",
														"type": "array",
														"meta": {},
														"children": [
															{
																"open": true,
																"comment": "",
																"data": "10",
																"key": "0",
																"type": "number",
																"meta": {},
																"children": []
															},
															{
																"open": true,
																"comment": "",
																"data": "10",
																"key": "1",
																"type": "number",
																"meta": {},
																"children": []
															}
														]
													},
													{
														"open": false,
														"comment": "",
														"data": "true",
														"key": "knockback",
														"type": "boolean",
														"meta": {},
														"children": []
													},
													{
														"open": false,
														"comment": "",
														"data": "false",
														"key": "semi_random_diff_damage",
														"type": "boolean",
														"meta": {},
														"children": []
													},
													{
														"open": false,
														"comment": "",
														"data": "true",
														"key": "destroy_on_hit",
														"type": "boolean",
														"meta": {},
														"children": []
													}
												]
											},
											{
												"open": false,
												"comment": "",
												"data": "",
												"key": "stick_in_ground",
												"type": "object",
												"meta": {},
												"children": [
													{
														"open": false,
														"comment": "",
														"data": "0.0",
														"key": "shake_time",
														"type": "string",
														"meta": {},
														"children": []
													}
												]
											},
											{
												"open": true,
												"comment": "",
												"data": "",
												"key": "arrow_effect",
												"type": "object",
												"meta": {},
												"children": []
											},
											{
												"open": true,
												"comment": "",
												"data": "",
												"key": "remove_on_hit",
												"type": "object",
												"meta": {},
												"children": []
											},
											{
												"open": false,
												"comment": "",
												"data": "",
												"key": "particle_on_hit",
												"type": "object",
												"meta": {},
												"children": [
													{
														"open": false,
														"comment": "",
														"data": "1",
														"key": "num_particles",
														"type": "string",
														"meta": {},
														"children": []
													},
													{
														"open": false,
														"comment": "",
														"data": "blockbreak",
														"key": "particle_type",
														"type": "string",
														"meta": {},
														"children": []
													}
												]
											}
										]
									},
									{
										"open": false,
										"comment": "",
										"data": "dirt",
										"key": "hit_sound",
										"type": "string",
										"meta": {},
										"children": []
									},
									{
										"open": false,
										"comment": "",
										"data": "10",
										"key": "power",
										"type": "number",
										"meta": {},
										"children": []
									},
									{
										"open": false,
										"comment": "",
										"data": "0",
										"key": "gravity",
										"type": "number",
										"meta": {},
										"children": []
									},
									{
										"open": false,
										"comment": "",
										"data": "1",
										"key": "anchor",
										"type": "number",
										"meta": {},
										"children": []
									},
									{
										"open": false,
										"comment": "",
										"data": "true",
										"key": "should_bounce",
										"type": "boolean",
										"meta": {},
										"children": []
									},
									{
										"open": true,
										"comment": "",
										"data": "",
										"key": "offset",
										"type": "array",
										"meta": {},
										"children": [
											{
												"open": false,
												"comment": "",
												"data": "0",
												"key": "0",
												"type": "number",
												"meta": {},
												"children": []
											},
											{
												"open": true,
												"comment": "",
												"data": "-0.1",
												"key": "1",
												"type": "number",
												"meta": {},
												"children": []
											},
											{
												"open": false,
												"comment": "",
												"data": "0",
												"key": "2",
												"type": "number",
												"meta": {},
												"children": []
											}
										]
									},
									{
										"open": false,
										"comment": "",
										"data": "3",
										"key": "uncertainty_multiplier",
										"type": "string",
										"meta": {},
										"children": []
									},
									{
										"open": false,
										"comment": "",
										"data": "3",
										"key": "uncertainty_base",
										"type": "string",
										"meta": {},
										"children": []
									},
									{
										"open": false,
										"comment": "",
										"data": "true",
										"key": "isdangerous",
										"type": "string",
										"meta": {},
										"children": []
									}
								]
							},
							{
								"open": false,
								"comment": "",
								"data": "",
								"key": "minecraft:physics",
								"type": "object",
								"meta": {},
								"children": []
							},
							{
								"open": true,
								"comment": "",
								"data": "",
								"key": "minecraft:pushable",
								"type": "object",
								"meta": {},
								"children": [
									{
										"open": false,
										"comment": "",
										"data": "false",
										"key": "is_pushable",
										"type": "boolean",
										"meta": {},
										"children": []
									},
									{
										"open": false,
										"comment": "",
										"data": "true",
										"key": "is_pushable_by_piston",
										"type": "boolean",
										"meta": {},
										"children": []
									}
								]
							}
						]
					},
					{
						"open": true,
						"comment": "",
						"data": "",
						"key": "events",
						"type": "object",
						"meta": {},
						"children": [
							{
								"open": false,
								"comment": "",
								"data": "",
								"key": "minecraft:entity_spawned",
								"type": "object",
								"meta": {},
								"children": [
									{
										"open": true,
										"comment": "",
										"data": "",
										"key": "execute",
										"type": "object",
										"meta": {},
										"children": [
											{
												"open": true,
												"comment": "",
												"data": "",
												"key": "commands",
												"type": "object",
												"meta": {},
												"children": [
													{
														"open": true,
														"comment": "",
														"data": "/playsound random.click @a ~ ~ ~",
														"key": "0",
														"type": "string",
														"meta": {
															"is_value": true
														},
														"children": []
													}
												]
											}
										]
									}
								]
							}
						]
					}
				]
			}
		]
	}
}