{
	"format_version": "1.12.0",
	"minecraft:geometry": [
		{
			"description": {
				"identifier": "geometry.key_chest.left",
				"texture_width": 64,
				"texture_height": 64,
				"visible_bounds_width": 2,
				"visible_bounds_height": 2,
				"visible_bounds_offset": [0, 1, 0]
			},
			"bones": [
				{
					"name": "body",
					"pivot": [0, 0, 0],
					"cubes": [
						{"origin": [-7, 0, -7], "size": [14, 14, 14], "uv": [0, 0]},
						{"origin": [-8, 7, -1], "size": [1, 4, 2], "uv": [0, 0]}
					]
				}
			]
		}
	]
}