{
	"format_version": "1.12.0",
	"minecraft:geometry": [
		{
			"description": {
				"identifier": "geometry.torreta.geo",
				"texture_width": 64,
				"texture_height": 64,
				"visible_bounds_width": 2,
				"visible_bounds_height": 3,
				"visible_bounds_offset": [0, 1.5, 0]
			},
			"bones": [
				{
					"name": "base",
					"pivot": [0, 25, 0],
					"cubes": [
						{"origin": [-8, 0, -8], "size": [16, 16, 16], "uv": [0, 0]}
					]
				},
				{
					"name": "body",
					"parent": "base",
					"pivot": [0, 25, 0],
					"cubes": [
						{"origin": [-1.5, 20, -1.5], "size": [3, 4, 3], "uv": [0, 0]},
						{"origin": [-2.5, 16, -2.5], "size": [5, 4, 5], "uv": [22, 32]}
					]
				},
				{
					"name": "head",
					"parent": "base",
					"pivot": [0, 24, 0],
					"cubes": [
						{"origin": [-0.5, 25, -6.5], "size": [1, 1, 4], "uv": [0, 7]},
						{"origin": [-2, 28, -2.5], "size": [4, 1, 5], "uv": [37, 37]},
						{"origin": [-3, 24, -2.5], "size": [6, 4, 5], "uv": [0, 32]}
					]
				}
			]
		}
	]
}