{
	"format_version": "1.10.0",
	"animation_controllers": {
		"controller.animation.bridge_block_remove_entity.execute_commands": {
			"states": {
				"default": {
					"transitions": [
						{
							"execute_command_id_1": "query.skin_id == 1"
						}
					]
				},
				"execute_command_id_1": {
					"transitions": [
						{
							"default": "query.skin_id != 1"
						}
					],
					"on_entry": [
						"/setblock ^ ^ ^-1 air 0 destroy",
						"/setblock ~ ~1 ~ air 0 destroy",
						"/setblock ~ ~-1 ~ air 0 destroy",
						"@s bridge:remove_command_id_1"
					]
				}
			}
		}
	}
}