{
	"format_version": "1.10.0",
	"animation_controllers": {
		"controller.animation.bridge_land_mine.execute_commands": {
			"states": {
				"default": {
					"transitions": [
						{
							"execute_command_id_1": "query.skin_id == 1"
						}
					]
				},
				"execute_command_id_1": {
					"transitions": [
						{
							"default": "query.skin_id != 1"
						}
					],
					"on_entry": [
						"/playsound random.orb @a ~ ~ ~",
						"/summon scb:mine_explode",
						"/kill @s",
						"@s bridge:remove_command_id_1"
					]
				}
			}
		}
	}
}