{
	"file_path": "C:\\Users\\User\\AppData\\Local\\Packages\\Microsoft.MinecraftUWP_8wekyb3d8bbwe\\LocalState\\games\\com.mojang\\development_behavior_packs\\SecurityBE\\blocks\\rocket_launcher_drop.json",
	"file_type": "block",
	"format_version": 1,
	"file_uuid": "7af21b76_7fc8_4f9c_a480_a1890679d7c6",
	"file_version": 4,
	"cache_content": {
		"children": [
			{
				"data": "1.10.0",
				"key": "format_version"
			},
			{
				"open": {
					"format_version": "1.10.0",
					"minecraft:block": {
						"description": {
							"identifier": "scb:rocket_launcher_drop",
							"register_to_creative_menu": false
						},
						"components": {
							"minecraft:loot": {
								"table": "loot_tables/missile_launcher.json"
							}
						}
					}
				},
				"key": "minecraft:block",
				"children": [
					{
						"open": {
							"description": {
								"identifier": "scb:rocket_launcher_drop",
								"register_to_creative_menu": false
							},
							"components": {
								"minecraft:loot": {
									"table": "loot_tables/missile_launcher.json"
								}
							}
						},
						"key": "description",
						"is_minified": true,
						"children": {
							"identifier": "scb:rocket_launcher_drop",
							"register_to_creative_menu": false
						}
					},
					{
						"open": {
							"description": {
								"identifier": "scb:rocket_launcher_drop",
								"register_to_creative_menu": false
							},
							"components": {
								"minecraft:loot": {
									"table": "loot_tables/missile_launcher.json"
								}
							}
						},
						"key": "components",
						"children": [
							{
								"open": {
									"minecraft:loot": {
										"table": "loot_tables/missile_launcher.json"
									}
								},
								"key": "minecraft:loot",
								"is_minified": true,
								"children": {
									"table": "loot_tables/missile_launcher.json"
								}
							}
						]
					}
				]
			}
		]
	}
}