{
	"file_path": "C:\\Users\\User\\AppData\\Local\\Packages\\Microsoft.MinecraftUWP_8wekyb3d8bbwe\\LocalState\\games\\com.mojang\\development_resource_packs\\SecurityBE\\models\\entity\\misile.geo.json",
	"file_type": "unknown",
	"format_version": 1,
	"file_uuid": "f2a4bb73_579e_451c_b7ba_6d6e62d5c279",
	"file_version": 1,
	"cache_content": {
		"open": true,
		"comment": "",
		"data": "",
		"key": "global",
		"type": "object",
		"meta": {},
		"children": [
			{
				"open": false,
				"comment": "",
				"data": "1.12.0",
				"key": "format_version",
				"type": "string",
				"meta": {},
				"children": []
			},
			{
				"open": true,
				"comment": "",
				"data": "",
				"key": "minecraft:geometry",
				"type": "array",
				"meta": {},
				"children": [
					{
						"open": true,
						"comment": "",
						"data": "",
						"key": "0",
						"type": "object",
						"meta": {},
						"children": [
							{
								"open": false,
								"comment": "",
								"data": "",
								"key": "description",
								"type": "object",
								"meta": {},
								"children": [
									{
										"open": false,
										"comment": "",
										"data": "geometry.misile",
										"key": "identifier",
										"type": "string",
										"meta": {},
										"children": []
									},
									{
										"open": false,
										"comment": "",
										"data": "32",
										"key": "texture_width",
										"type": "number",
										"meta": {},
										"children": []
									},
									{
										"open": false,
										"comment": "",
										"data": "32",
										"key": "texture_height",
										"type": "number",
										"meta": {},
										"children": []
									},
									{
										"open": false,
										"comment": "",
										"data": "3",
										"key": "visible_bounds_width",
										"type": "number",
										"meta": {},
										"children": []
									},
									{
										"open": false,
										"comment": "",
										"data": "1",
										"key": "visible_bounds_height",
										"type": "number",
										"meta": {},
										"children": []
									},
									{
										"open": false,
										"comment": "",
										"data": "",
										"key": "visible_bounds_offset",
										"type": "array",
										"meta": {},
										"children": [
											{
												"open": false,
												"comment": "",
												"data": "0",
												"key": "0",
												"type": "number",
												"meta": {},
												"children": []
											},
											{
												"open": false,
												"comment": "",
												"data": "0.5",
												"key": "1",
												"type": "number",
												"meta": {},
												"children": []
											},
											{
												"open": false,
												"comment": "",
												"data": "0",
												"key": "2",
												"type": "number",
												"meta": {},
												"children": []
											}
										]
									}
								]
							},
							{
								"open": true,
								"comment": "",
								"data": "",
								"key": "bones",
								"type": "array",
								"meta": {},
								"children": [
									{
										"open": true,
										"comment": "",
										"data": "",
										"key": "0",
										"type": "object",
										"meta": {},
										"children": [
											{
												"open": true,
												"comment": "",
												"data": "body",
												"key": "name",
												"type": "string",
												"meta": {},
												"children": []
											},
											{
												"open": false,
												"comment": "",
												"data": "",
												"key": "pivot",
												"type": "array",
												"meta": {},
												"children": [
													{
														"open": false,
														"comment": "",
														"data": "0",
														"key": "0",
														"type": "number",
														"meta": {},
														"children": []
													},
													{
														"open": false,
														"comment": "",
														"data": "3",
														"key": "1",
														"type": "number",
														"meta": {},
														"children": []
													},
													{
														"open": false,
														"comment": "",
														"data": "3.2",
														"key": "2",
														"type": "number",
														"meta": {},
														"children": []
													}
												]
											},
											{
												"open": false,
												"comment": "",
												"data": "",
												"key": "cubes",
												"type": "array",
												"meta": {},
												"children": [
													{
														"open": false,
														"comment": "",
														"data": "",
														"key": "0",
														"type": "object",
														"meta": {},
														"children": [
															{
																"open": false,
																"comment": "",
																"data": "",
																"key": "origin",
																"type": "array",
																"meta": {},
																"children": [
																	{
																		"open": false,
																		"comment": "",
																		"data": "-3",
																		"key": "0",
																		"type": "number",
																		"meta": {},
																		"children": []
																	},
																	{
																		"open": false,
																		"comment": "",
																		"data": "0",
																		"key": "1",
																		"type": "number",
																		"meta": {},
																		"children": []
																	},
																	{
																		"open": false,
																		"comment": "",
																		"data": "-5",
																		"key": "2",
																		"type": "number",
																		"meta": {},
																		"children": []
																	}
																]
															},
															{
																"open": false,
																"comment": "",
																"data": "",
																"key": "size",
																"type": "array",
																"meta": {},
																"children": [
																	{
																		"open": false,
																		"comment": "",
																		"data": "6",
																		"key": "0",
																		"type": "number",
																		"meta": {},
																		"children": []
																	},
																	{
																		"open": false,
																		"comment": "",
																		"data": "6",
																		"key": "1",
																		"type": "number",
																		"meta": {},
																		"children": []
																	},
																	{
																		"open": false,
																		"comment": "",
																		"data": "9",
																		"key": "2",
																		"type": "number",
																		"meta": {},
																		"children": []
																	}
																]
															},
															{
																"open": false,
																"comment": "",
																"data": "",
																"key": "uv",
																"type": "array",
																"meta": {},
																"children": [
																	{
																		"open": false,
																		"comment": "",
																		"data": "0",
																		"key": "0",
																		"type": "number",
																		"meta": {},
																		"children": []
																	},
																	{
																		"open": false,
																		"comment": "",
																		"data": "0",
																		"key": "1",
																		"type": "number",
																		"meta": {},
																		"children": []
																	}
																]
															}
														]
													},
													{
														"open": false,
														"comment": "",
														"data": "",
														"key": "1",
														"type": "object",
														"meta": {},
														"children": [
															{
																"open": false,
																"comment": "",
																"data": "",
																"key": "origin",
																"type": "array",
																"meta": {},
																"children": [
																	{
																		"open": false,
																		"comment": "",
																		"data": "-2",
																		"key": "0",
																		"type": "number",
																		"meta": {},
																		"children": []
																	},
																	{
																		"open": false,
																		"comment": "",
																		"data": "1",
																		"key": "1",
																		"type": "number",
																		"meta": {},
																		"children": []
																	},
																	{
																		"open": false,
																		"comment": "",
																		"data": "-5",
																		"key": "2",
																		"type": "number",
																		"meta": {},
																		"children": []
																	}
																]
															},
															{
																"open": false,
																"comment": "",
																"data": "",
																"key": "size",
																"type": "array",
																"meta": {},
																"children": [
																	{
																		"open": false,
																		"comment": "",
																		"data": "4",
																		"key": "0",
																		"type": "number",
																		"meta": {},
																		"children": []
																	},
																	{
																		"open": false,
																		"comment": "",
																		"data": "4",
																		"key": "1",
																		"type": "number",
																		"meta": {},
																		"children": []
																	},
																	{
																		"open": false,
																		"comment": "",
																		"data": "9",
																		"key": "2",
																		"type": "number",
																		"meta": {},
																		"children": []
																	}
																]
															},
															{
																"open": false,
																"comment": "",
																"data": "",
																"key": "uv",
																"type": "array",
																"meta": {},
																"children": [
																	{
																		"open": false,
																		"comment": "",
																		"data": "6",
																		"key": "0",
																		"type": "number",
																		"meta": {},
																		"children": []
																	},
																	{
																		"open": false,
																		"comment": "",
																		"data": "19",
																		"key": "1",
																		"type": "number",
																		"meta": {},
																		"children": []
																	}
																]
															}
														]
													},
													{
														"open": false,
														"comment": "",
														"data": "",
														"key": "2",
														"type": "object",
														"meta": {},
														"children": [
															{
																"open": false,
																"comment": "",
																"data": "",
																"key": "origin",
																"type": "array",
																"meta": {},
																"children": [
																	{
																		"open": false,
																		"comment": "",
																		"data": "-2",
																		"key": "0",
																		"type": "number",
																		"meta": {},
																		"children": []
																	},
																	{
																		"open": false,
																		"comment": "",
																		"data": "1",
																		"key": "1",
																		"type": "number",
																		"meta": {},
																		"children": []
																	},
																	{
																		"open": false,
																		"comment": "",
																		"data": "-7",
																		"key": "2",
																		"type": "number",
																		"meta": {},
																		"children": []
																	}
																]
															},
															{
																"open": false,
																"comment": "",
																"data": "",
																"key": "size",
																"type": "array",
																"meta": {},
																"children": [
																	{
																		"open": false,
																		"comment": "",
																		"data": "4",
																		"key": "0",
																		"type": "number",
																		"meta": {},
																		"children": []
																	},
																	{
																		"open": false,
																		"comment": "",
																		"data": "4",
																		"key": "1",
																		"type": "number",
																		"meta": {},
																		"children": []
																	},
																	{
																		"open": false,
																		"comment": "",
																		"data": "2",
																		"key": "2",
																		"type": "number",
																		"meta": {},
																		"children": []
																	}
																]
															},
															{
																"open": false,
																"comment": "",
																"data": "",
																"key": "uv",
																"type": "array",
																"meta": {},
																"children": [
																	{
																		"open": false,
																		"comment": "",
																		"data": "1",
																		"key": "0",
																		"type": "number",
																		"meta": {},
																		"children": []
																	},
																	{
																		"open": false,
																		"comment": "",
																		"data": "16",
																		"key": "1",
																		"type": "number",
																		"meta": {},
																		"children": []
																	}
																]
															}
														]
													},
													{
														"open": false,
														"comment": "",
														"data": "",
														"key": "3",
														"type": "object",
														"meta": {},
														"children": [
															{
																"open": false,
																"comment": "",
																"data": "",
																"key": "origin",
																"type": "array",
																"meta": {},
																"children": [
																	{
																		"open": false,
																		"comment": "",
																		"data": "-2",
																		"key": "0",
																		"type": "number",
																		"meta": {},
																		"children": []
																	},
																	{
																		"open": false,
																		"comment": "",
																		"data": "1",
																		"key": "1",
																		"type": "number",
																		"meta": {},
																		"children": []
																	},
																	{
																		"open": false,
																		"comment": "",
																		"data": "4",
																		"key": "2",
																		"type": "number",
																		"meta": {},
																		"children": []
																	}
																]
															},
															{
																"open": false,
																"comment": "",
																"data": "",
																"key": "size",
																"type": "array",
																"meta": {},
																"children": [
																	{
																		"open": false,
																		"comment": "",
																		"data": "4",
																		"key": "0",
																		"type": "number",
																		"meta": {},
																		"children": []
																	},
																	{
																		"open": false,
																		"comment": "",
																		"data": "4",
																		"key": "1",
																		"type": "number",
																		"meta": {},
																		"children": []
																	},
																	{
																		"open": false,
																		"comment": "",
																		"data": "3",
																		"key": "2",
																		"type": "number",
																		"meta": {},
																		"children": []
																	}
																]
															},
															{
																"open": false,
																"comment": "",
																"data": "",
																"key": "uv",
																"type": "array",
																"meta": {},
																"children": [
																	{
																		"open": false,
																		"comment": "",
																		"data": "0",
																		"key": "0",
																		"type": "number",
																		"meta": {},
																		"children": []
																	},
																	{
																		"open": false,
																		"comment": "",
																		"data": "15",
																		"key": "1",
																		"type": "number",
																		"meta": {},
																		"children": []
																	}
																]
															}
														]
													},
													{
														"open": false,
														"comment": "",
														"data": "",
														"key": "4",
														"type": "object",
														"meta": {},
														"children": [
															{
																"open": false,
																"comment": "",
																"data": "",
																"key": "origin",
																"type": "array",
																"meta": {},
																"children": [
																	{
																		"open": false,
																		"comment": "",
																		"data": "0",
																		"key": "0",
																		"type": "number",
																		"meta": {},
																		"children": []
																	},
																	{
																		"open": false,
																		"comment": "",
																		"data": "0",
																		"key": "1",
																		"type": "number",
																		"meta": {},
																		"children": []
																	},
																	{
																		"open": false,
																		"comment": "",
																		"data": "7",
																		"key": "2",
																		"type": "number",
																		"meta": {},
																		"children": []
																	}
																]
															},
															{
																"open": false,
																"comment": "",
																"data": "",
																"key": "size",
																"type": "array",
																"meta": {},
																"children": [
																	{
																		"open": false,
																		"comment": "",
																		"data": "0",
																		"key": "0",
																		"type": "number",
																		"meta": {},
																		"children": []
																	},
																	{
																		"open": false,
																		"comment": "",
																		"data": "6",
																		"key": "1",
																		"type": "number",
																		"meta": {},
																		"children": []
																	},
																	{
																		"open": false,
																		"comment": "",
																		"data": "3",
																		"key": "2",
																		"type": "number",
																		"meta": {},
																		"children": []
																	}
																]
															},
															{
																"open": false,
																"comment": "",
																"data": "",
																"key": "uv",
																"type": "array",
																"meta": {},
																"children": [
																	{
																		"open": false,
																		"comment": "",
																		"data": "0",
																		"key": "0",
																		"type": "number",
																		"meta": {},
																		"children": []
																	},
																	{
																		"open": false,
																		"comment": "",
																		"data": "0",
																		"key": "1",
																		"type": "number",
																		"meta": {},
																		"children": []
																	}
																]
															}
														]
													},
													{
														"open": false,
														"comment": "",
														"data": "",
														"key": "5",
														"type": "object",
														"meta": {},
														"children": [
															{
																"open": false,
																"comment": "",
																"data": "",
																"key": "origin",
																"type": "array",
																"meta": {},
																"children": [
																	{
																		"open": false,
																		"comment": "",
																		"data": "0",
																		"key": "0",
																		"type": "number",
																		"meta": {},
																		"children": []
																	},
																	{
																		"open": false,
																		"comment": "",
																		"data": "0",
																		"key": "1",
																		"type": "number",
																		"meta": {},
																		"children": []
																	},
																	{
																		"open": false,
																		"comment": "",
																		"data": "7",
																		"key": "2",
																		"type": "number",
																		"meta": {},
																		"children": []
																	}
																]
															},
															{
																"open": false,
																"comment": "",
																"data": "",
																"key": "size",
																"type": "array",
																"meta": {},
																"children": [
																	{
																		"open": false,
																		"comment": "",
																		"data": "0",
																		"key": "0",
																		"type": "number",
																		"meta": {},
																		"children": []
																	},
																	{
																		"open": false,
																		"comment": "",
																		"data": "6",
																		"key": "1",
																		"type": "number",
																		"meta": {},
																		"children": []
																	},
																	{
																		"open": false,
																		"comment": "",
																		"data": "3",
																		"key": "2",
																		"type": "number",
																		"meta": {},
																		"children": []
																	}
																]
															},
															{
																"open": false,
																"comment": "",
																"data": "",
																"key": "pivot",
																"type": "array",
																"meta": {},
																"children": [
																	{
																		"open": false,
																		"comment": "",
																		"data": "0",
																		"key": "0",
																		"type": "number",
																		"meta": {},
																		"children": []
																	},
																	{
																		"open": false,
																		"comment": "",
																		"data": "3",
																		"key": "1",
																		"type": "number",
																		"meta": {},
																		"children": []
																	},
																	{
																		"open": false,
																		"comment": "",
																		"data": "8.5",
																		"key": "2",
																		"type": "number",
																		"meta": {},
																		"children": []
																	}
																]
															},
															{
																"open": false,
																"comment": "",
																"data": "",
																"key": "rotation",
																"type": "array",
																"meta": {},
																"children": [
																	{
																		"open": false,
																		"comment": "",
																		"data": "0",
																		"key": "0",
																		"type": "number",
																		"meta": {},
																		"children": []
																	},
																	{
																		"open": false,
																		"comment": "",
																		"data": "0",
																		"key": "1",
																		"type": "number",
																		"meta": {},
																		"children": []
																	},
																	{
																		"open": false,
																		"comment": "",
																		"data": "-90",
																		"key": "2",
																		"type": "number",
																		"meta": {},
																		"children": []
																	}
																]
															},
															{
																"open": false,
																"comment": "",
																"data": "",
																"key": "uv",
																"type": "array",
																"meta": {},
																"children": [
																	{
																		"open": false,
																		"comment": "",
																		"data": "0",
																		"key": "0",
																		"type": "number",
																		"meta": {},
																		"children": []
																	},
																	{
																		"open": false,
																		"comment": "",
																		"data": "0",
																		"key": "1",
																		"type": "number",
																		"meta": {},
																		"children": []
																	}
																]
															}
														]
													}
												]
											}
										]
									}
								]
							}
						]
					}
				]
			}
		]
	}
}