{
	"file_path": "C:\\Users\\User\\AppData\\Local\\Packages\\Microsoft.MinecraftUWP_8wekyb3d8bbwe\\LocalState\\games\\com.mojang\\development_behavior_packs\\SecurityBE\\animation_controllers\\bridge\\commands_security_table.json.json",
	"file_type": "animation_controller",
	"format_version": 1,
	"file_uuid": "0949bc21_85f1_47d3_b269_93442d1277ce",
	"file_version": 5,
	"cache_content": {
		"open": true,
		"comment": "",
		"data": "",
		"key": "global",
		"type": "object",
		"meta": {},
		"children": [
			{
				"open": false,
				"comment": "",
				"data": "1.10.0",
				"key": "format_version",
				"type": "string",
				"meta": {},
				"children": []
			},
			{
				"open": true,
				"comment": "",
				"data": "",
				"key": "animation_controllers",
				"type": "object",
				"meta": {},
				"children": [
					{
						"open": true,
						"comment": "",
						"data": "",
						"key": "controller.animation.bridge_security_table.execute_commands",
						"type": "object",
						"meta": {},
						"children": [
							{
								"open": true,
								"comment": "",
								"data": "",
								"key": "states",
								"type": "object",
								"meta": {},
								"children": [
									{
										"open": true,
										"comment": "",
										"data": "",
										"key": "default",
										"type": "object",
										"meta": {},
										"children": [
											{
												"open": true,
												"comment": "",
												"data": "",
												"key": "transitions",
												"type": "array",
												"meta": {},
												"children": [
													{
														"open": true,
														"comment": "",
														"data": "",
														"key": "0",
														"type": "object",
														"meta": {},
														"children": [
															{
																"open": false,
																"comment": "",
																"data": "query.skin_id == 3",
																"key": "execute_command_id_3",
																"type": "string",
																"meta": {},
																"children": []
															}
														]
													},
													{
														"open": true,
														"comment": "",
														"data": "",
														"key": "1",
														"type": "object",
														"meta": {},
														"children": [
															{
																"open": false,
																"comment": "",
																"data": "query.skin_id == 2",
																"key": "execute_command_id_2",
																"type": "string",
																"meta": {},
																"children": []
															}
														]
													},
													{
														"open": true,
														"comment": "",
														"data": "",
														"key": "2",
														"type": "object",
														"meta": {},
														"children": [
															{
																"open": false,
																"comment": "",
																"data": "query.skin_id == 1",
																"key": "execute_command_id_1",
																"type": "string",
																"meta": {},
																"children": []
															}
														]
													}
												]
											}
										]
									},
									{
										"open": true,
										"comment": "",
										"data": "",
										"key": "execute_command_id_1",
										"type": "object",
										"meta": {},
										"children": [
											{
												"open": false,
												"comment": "",
												"data": "",
												"key": "transitions",
												"type": "array",
												"meta": {},
												"children": [
													{
														"open": false,
														"comment": "",
														"data": "",
														"key": "0",
														"type": "object",
														"meta": {},
														"children": [
															{
																"open": false,
																"comment": "",
																"data": "query.skin_id != 1",
																"key": "default",
																"type": "string",
																"meta": {},
																"children": []
															}
														]
													}
												]
											},
											{
												"open": true,
												"comment": "",
												"data": "",
												"key": "on_entry",
												"type": "object",
												"meta": {},
												"children": [
													{
														"open": true,
														"comment": "",
														"data": "/setblock ~ ~ ~ table_drop",
														"key": "0",
														"type": "string",
														"meta": {},
														"children": []
													},
													{
														"open": true,
														"comment": "",
														"data": "/setblock ~ ~ ~ air 0 destroy",
														"key": "1",
														"type": "string",
														"meta": {},
														"children": []
													},
													{
														"open": false,
														"comment": "",
														"data": "@s bridge:remove_command_id_1",
														"key": "2",
														"type": "string",
														"meta": {},
														"children": []
													}
												]
											}
										]
									},
									{
										"open": false,
										"comment": "",
										"data": "",
										"key": "execute_command_id_2",
										"type": "object",
										"meta": {},
										"children": [
											{
												"open": false,
												"comment": "",
												"data": "",
												"key": "transitions",
												"type": "array",
												"meta": {},
												"children": [
													{
														"open": false,
														"comment": "",
														"data": "",
														"key": "0",
														"type": "object",
														"meta": {},
														"children": [
															{
																"open": false,
																"comment": "",
																"data": "query.skin_id != 2",
																"key": "default",
																"type": "string",
																"meta": {},
																"children": []
															}
														]
													}
												]
											},
											{
												"open": false,
												"comment": "",
												"data": "",
												"key": "on_entry",
												"type": "array",
												"meta": {},
												"children": [
													{
														"open": false,
														"comment": "",
														"data": "/playsound random.orb @a ~ ~ ~",
														"key": "0",
														"type": "string",
														"meta": {},
														"children": []
													},
													{
														"open": false,
														"comment": "",
														"data": "@s bridge:remove_command_id_2",
														"key": "1",
														"type": "string",
														"meta": {},
														"children": []
													}
												]
											}
										]
									},
									{
										"open": false,
										"comment": "",
										"data": "",
										"key": "execute_command_id_3",
										"type": "object",
										"meta": {},
										"children": [
											{
												"open": false,
												"comment": "",
												"data": "",
												"key": "transitions",
												"type": "array",
												"meta": {},
												"children": [
													{
														"open": false,
														"comment": "",
														"data": "",
														"key": "0",
														"type": "object",
														"meta": {},
														"children": [
															{
																"open": false,
																"comment": "",
																"data": "query.skin_id != 3",
																"key": "default",
																"type": "string",
																"meta": {},
																"children": []
															}
														]
													}
												]
											},
											{
												"open": false,
												"comment": "",
												"data": "",
												"key": "on_entry",
												"type": "array",
												"meta": {},
												"children": [
													{
														"open": false,
														"comment": "",
														"data": "/playsound random.anvil_break @a ~ ~ ~",
														"key": "0",
														"type": "string",
														"meta": {},
														"children": []
													},
													{
														"open": false,
														"comment": "",
														"data": "/title @p actionbar §aSecurity Table",
														"key": "1",
														"type": "string",
														"meta": {},
														"children": []
													},
													{
														"open": false,
														"comment": "",
														"data": "@s bridge:remove_command_id_3",
														"key": "2",
														"type": "string",
														"meta": {},
														"children": []
													}
												]
											}
										]
									}
								]
							}
						]
					}
				]
			}
		]
	}
}